run_id,model_alias,model_name,task_id,domain,difficulty,step,thought,answer,answer_normalized,correct,confidence,model_stop_flag,answer_changed,thought_token_count,raw_generation_tokens,mean_token_logprob,entropy_mean,entropy_std,hidden_norm,hidden_l2_shift,hidden_cosine_shift,lexical_echo,verbose_confidence_proxy,utility,elapsed_seconds,seed,temperature,device,prompt_mode,system_prompt_mode,is_baseline,parse_success,output_format_type,answer_extraction_source,stop_extraction_source,confidence_extraction_source,hit_max_new_tokens,truncated_output_suspected,raw_text_length_chars,raw_text_length_tokens,raw_text
deepseek_r1_distill_1p5b__calendar_offset_easy__temp0.20__seed7,deepseek_r1_distill_1p5b,deepseek-ai/DeepSeek-R1-Distill-Qwen-1.5B,calendar_offset_easy,calendar,easy,1,"Okay, so I need to figure out what day of the week it will be 14 days after a Tuesday. Let me think about how to approach this.",I don't think I need to consider any other factors like leap years or daylight saving time because the question is straightforward and doesn't involve those,i,0,50,0,0,28,256,-0.25732421875,0.54345703125,0.56787109375,60.27463150024414,0.0,0.0,0.0,3.06,0.0,9.626529509999955,7,0.2,cuda,structured_four_line,default,0,0,fallback_freeform,last_line_fallback,default,default,1,1,1030,256,"Okay, so I need to figure out what day of the week it will be 14 days after a Tuesday. Let me think about how to approach this. 

First, I know that a week has 7 days. So, every 7 days, the day of the week cycles back to Tuesday. That makes sense because 7 days later would be the same day. 

Now, I want to find out how many weeks and extra days are in 14 days. Since 14 divided by 7 is exactly 2, there are 2 weeks and 0 extra days. That means 14 days later should be exactly 2 weeks after Tuesday. 

If I add 2 weeks to Tuesday, the day of the week doesn't change because each week brings us back to the same day. So, 2 weeks after Tuesday is still Tuesday. 

Wait, let me double-check that. Starting from Tuesday, adding 7 days would bring me to Tuesday again, and adding another 7 days would also bring me to Tuesday. So, 14 days after Tuesday is definitely Tuesday. 

I don't think I need to consider any other factors like leap years or daylight saving time because the question is straightforward and doesn't involve those"
deepseek_r1_distill_1p5b__calendar_offset_easy__temp0.20__seed7,deepseek_r1_distill_1p5b,deepseek-ai/DeepSeek-R1-Distill-Qwen-1.5B,calendar_offset_easy,calendar,easy,2,"Alright, so I need to figure out what day of the week it will be 14 days after a Tuesday. Let me break this down step by step. First, I know that each week has 7 days, so maybe I can use that to my advantage. If I can find out how many weeks and extra days are in 14 days, that might help me determine the exact day.",I think I've got it. The key was to recognize that 14 days is exactly two,i,0,50,0,0,69,256,-0.275390625,0.580078125,0.64111328125,59.99135971069336,11.109546661376953,0.017055094242095947,0.41818181818181815,3.06,-0.05,8.859140455999977,7,0.2,cuda,structured_four_line,default,0,0,fallback_freeform,last_line_fallback,default,default,1,1,1036,256,"Alright, so I need to figure out what day of the week it will be 14 days after a Tuesday. Let me break this down step by step. First, I know that each week has 7 days, so maybe I can use that to my advantage. If I can find out how many weeks and extra days are in 14 days, that might help me determine the exact day.

Okay, 14 days divided by 7 days per week gives me exactly 2 weeks. That means 14 days is exactly two weeks. Since two weeks later would be the same day of the week, which is Tuesday, I can conclude that 14 days after Tuesday will also be a Tuesday. 

Wait, but let me double-check to make sure I'm not missing anything. Sometimes, when dealing with dates, leap years can affect the day of the week, but since 14 days is less than a year, and the question doesn't mention anything about leap years or daylight saving time, I don't need to worry about those factors. So, it's safe to say that 14 days after Tuesday is definitely another Tuesday.

I think I've got it. The key was to recognize that 14 days is exactly two"
deepseek_r1_distill_1p5b__fraction_remaining__temp0.20__seed7,deepseek_r1_distill_1p5b,deepseek-ai/DeepSeek-R1-Distill-Qwen-1.5B,fraction_remaining,arithmetic,medium,1,"Okay, so I'm trying to figure out this problem where a tank is half full, and then one quarter of the whole tank is drained. I need to find out what fraction of the tank is full now. Let me break this down step by step.","Wait, but","wait, but",0,50,0,0,47,256,-0.248779296875,0.52490234375,0.59326171875,61.12148666381836,0.0,0.0,0.0,3.06,0.0,8.923801435000087,7,0.2,cuda,structured_four_line,default,0,0,fallback_freeform,last_line_fallback,default,default,1,1,1057,256,"Okay, so I'm trying to figure out this problem where a tank is half full, and then one quarter of the whole tank is drained. I need to find out what fraction of the tank is full now. Let me break this down step by step.

First, the tank is initially half full. That means if the total capacity of the tank is, say, 1 unit, then it's currently holding 0.5 units. That part seems straightforward.

Now, the next part is that one quarter of the whole tank is drained. Hmm, so I need to subtract this amount from the current level. But wait, is the one quarter of the whole tank or of the remaining half? The problem says ""one quarter of the whole tank,"" so I think that refers to the entire capacity, not the current level. So, draining one quarter of the whole tank would mean removing 0.25 units from the current 0.5 units.

Let me do the math: 0.5 minus 0.25 equals 0.25. So, after draining one quarter, the tank should be three quarters full. That makes sense because if you start with half and remove a quarter, you're left with three quarters.

Wait, but"
deepseek_r1_distill_1p5b__fraction_remaining__temp0.20__seed7,deepseek_r1_distill_1p5b,deepseek-ai/DeepSeek-R1-Distill-Qwen-1.5B,fraction_remaining,arithmetic,medium,2,"Okay, so I'm trying to solve this problem where a tank is half full, and then one quarter of the whole tank is drained. I need to find out what fraction of the tank is full now. Let me think through this step by step.","Wait, that seems a bit confusing. Let me double-check. If the tank is half full","wait, that seems a bit confusing. let me double-check. if the tank is half full",0,50,0,1,46,256,-0.20458984375,0.3984375,0.52490234375,56.6192741394043,13.2974853515625,0.02261906862258911,0.8421052631578947,3.06,-0.05,8.99165396699982,7,0.2,cuda,structured_four_line,default,0,0,fallback_freeform,last_line_fallback,default,default,1,1,924,256,"Okay, so I'm trying to solve this problem where a tank is half full, and then one quarter of the whole tank is drained. I need to find out what fraction of the tank is full now. Let me think through this step by step.

First, the tank is initially half full. That means it's 1/2 full. Now, one quarter of the whole tank is being drained. So, I need to figure out how much that is in terms of the tank's capacity.

The whole tank is 1 unit, so one quarter of the tank is 1/4. If this amount is being drained from the half-full tank, I should subtract 1/4 from 1/2 to find the new level of the tank.

So, mathematically, that would be 1/2 minus 1/4. To subtract these fractions, they need a common denominator. The least common denominator for 2 and 4 is 4. So, converting 1/2 to 4ths, it becomes 2/4. Now, subtracting 1/4 from 2/4 gives me 1/4.

Wait, that seems a bit confusing. Let me double-check. If the tank is half full"
