run_id,brier,auc
deepseek_r1_distill_1p5b__gsm8k_train_00000_b5828bc4__temp0.10__seed7,0.18887429163086406,0.761904761904762
deepseek_r1_distill_1p5b__gsm8k_train_00000_b5828bc4__temp0.60__seed7,0.1908824322593968,1.0
deepseek_r1_distill_1p5b__gsm8k_train_00000_b5828bc4__temp1.00__seed7,0.24481326606267637,0.42857142857142855
deepseek_r1_distill_1p5b__gsm8k_train_00001_3691caf7__temp0.10__seed7,0.3343515444065346,0.11111111111111116
deepseek_r1_distill_1p5b__gsm8k_train_00001_3691caf7__temp0.60__seed7,0.2817197813178954,
deepseek_r1_distill_1p5b__gsm8k_train_00001_3691caf7__temp1.00__seed7,0.22953103058257196,0.625
deepseek_r1_distill_1p5b__gsm8k_train_00002_ae407466__temp0.10__seed7,0.32396567130289766,
deepseek_r1_distill_1p5b__gsm8k_train_00002_ae407466__temp0.60__seed7,0.3177326487719544,
deepseek_r1_distill_1p5b__gsm8k_train_00002_ae407466__temp1.00__seed7,0.251902874555812,
deepseek_r1_distill_1p5b__gsm8k_train_00003_135cf83f__temp0.10__seed7,0.1701564965935455,0.8125
deepseek_r1_distill_1p5b__gsm8k_train_00003_135cf83f__temp0.60__seed7,0.1063750550257279,1.0
deepseek_r1_distill_1p5b__gsm8k_train_00003_135cf83f__temp1.00__seed7,0.16914383565813473,0.9375
deepseek_r1_distill_1p5b__gsm8k_train_00004_3ee48c01__temp0.10__seed7,0.2684698413442508,0.2222222222222222
deepseek_r1_distill_1p5b__gsm8k_train_00004_3ee48c01__temp0.60__seed7,0.21891522998873464,
deepseek_r1_distill_1p5b__gsm8k_train_00004_3ee48c01__temp1.00__seed7,0.12233044130177069,
deepseek_r1_distill_1p5b__gsm8k_train_00005_d0817615__temp0.10__seed7,0.17925994763500336,0.75
deepseek_r1_distill_1p5b__gsm8k_train_00005_d0817615__temp0.60__seed7,0.18286325443939844,0.8095238095238095
deepseek_r1_distill_1p5b__gsm8k_train_00005_d0817615__temp1.00__seed7,0.1989068269776307,0.5625
deepseek_r1_distill_1p5b__gsm8k_train_00006_4cf43e2d__temp0.10__seed7,0.21243958587852413,0.7916666666666666
deepseek_r1_distill_1p5b__gsm8k_train_00006_4cf43e2d__temp0.60__seed7,0.19490856165947879,0.8
deepseek_r1_distill_1p5b__gsm8k_train_00006_4cf43e2d__temp1.00__seed7,0.14199933229578474,0.875
deepseek_r1_distill_1p5b__gsm8k_train_00007_40d1aba4__temp0.10__seed7,0.2249977242237799,0.42857142857142855
deepseek_r1_distill_1p5b__gsm8k_train_00007_40d1aba4__temp0.60__seed7,0.19781695459057416,0.6666666666666667
deepseek_r1_distill_1p5b__gsm8k_train_00007_40d1aba4__temp1.00__seed7,0.21976024499380467,0.5625
deepseek_r1_distill_1p5b__gsm8k_train_00008_cd4fe6cf__temp0.10__seed7,0.22020372053020215,0.76
deepseek_r1_distill_1p5b__gsm8k_train_00008_cd4fe6cf__temp0.60__seed7,0.1750196068419006,0.8125
deepseek_r1_distill_1p5b__gsm8k_train_00008_cd4fe6cf__temp1.00__seed7,0.25388316210455203,0.625
deepseek_r1_distill_1p5b__gsm8k_train_00009_a1cbbbd0__temp0.10__seed7,0.24670545896374318,0.6190476190476191
deepseek_r1_distill_1p5b__gsm8k_train_00009_a1cbbbd0__temp0.60__seed7,0.29615313465503607,0.4444444444444444
deepseek_r1_distill_1p5b__gsm8k_train_00009_a1cbbbd0__temp1.00__seed7,0.2260602731839385,0.6190476190476191
deepseek_r1_distill_1p5b__gsm8k_train_00010_8c587dfb__temp0.10__seed7,0.2376752806510029,
deepseek_r1_distill_1p5b__gsm8k_train_00010_8c587dfb__temp0.60__seed7,0.3082478584450926,0.11111111111111116
deepseek_r1_distill_1p5b__gsm8k_train_00010_8c587dfb__temp1.00__seed7,0.18385017525578334,0.6666666666666667
deepseek_r1_distill_1p5b__gsm8k_train_00011_127045f3__temp0.10__seed7,0.17533001914754456,0.8888888888888888
deepseek_r1_distill_1p5b__gsm8k_train_00011_127045f3__temp0.60__seed7,0.24009278396214784,0.7083333333333334
deepseek_r1_distill_1p5b__gsm8k_train_00011_127045f3__temp1.00__seed7,0.1722690999864151,0.7142857142857143
deepseek_r1_distill_1p5b__gsm8k_train_00012_6cf7f4b8__temp0.10__seed7,0.30162873049549155,
deepseek_r1_distill_1p5b__gsm8k_train_00012_6cf7f4b8__temp0.60__seed7,0.26176681771340476,0.33333333333333337
deepseek_r1_distill_1p5b__gsm8k_train_00012_6cf7f4b8__temp1.00__seed7,0.26927935898069394,
deepseek_r1_distill_1p5b__gsm8k_train_00013_6f2b17c2__temp0.10__seed7,0.17509691958950704,1.0
deepseek_r1_distill_1p5b__gsm8k_train_00013_6f2b17c2__temp0.60__seed7,0.19873755477938354,0.8095238095238095
deepseek_r1_distill_1p5b__gsm8k_train_00013_6f2b17c2__temp1.00__seed7,0.31378588189616907,0.375
deepseek_r1_distill_1p5b__gsm8k_train_00014_f0103a9f__temp0.10__seed7,0.4441143346242596,
deepseek_r1_distill_1p5b__gsm8k_train_00014_f0103a9f__temp0.60__seed7,0.24974959334508492,0.44
deepseek_r1_distill_1p5b__gsm8k_train_00014_f0103a9f__temp1.00__seed7,0.2865106880937538,0.33333333333333337
deepseek_r1_distill_1p5b__gsm8k_train_00015_20b7f79a__temp0.10__seed7,0.16287430482882753,0.9166666666666666
deepseek_r1_distill_1p5b__gsm8k_train_00015_20b7f79a__temp0.60__seed7,0.2077968035772372,0.75
deepseek_r1_distill_1p5b__gsm8k_train_00015_20b7f79a__temp1.00__seed7,0.21099483886286952,0.625
deepseek_r1_distill_1p5b__gsm8k_train_00016_0cef7ca3__temp0.10__seed7,0.3064173819312071,
deepseek_r1_distill_1p5b__gsm8k_train_00016_0cef7ca3__temp0.60__seed7,0.23302591230429698,0.5555555555555556
deepseek_r1_distill_1p5b__gsm8k_train_00016_0cef7ca3__temp1.00__seed7,0.11246650589313174,
deepseek_r1_distill_1p5b__gsm8k_train_00017_89d492f6__temp0.10__seed7,0.18750208755914796,0.8095238095238095
deepseek_r1_distill_1p5b__gsm8k_train_00017_89d492f6__temp0.60__seed7,0.20112481041864222,0.8333333333333334
deepseek_r1_distill_1p5b__gsm8k_train_00017_89d492f6__temp1.00__seed7,0.211251937743617,0.625
deepseek_r1_distill_1p5b__gsm8k_train_00018_86b6a534__temp0.10__seed7,0.1835823138162342,
deepseek_r1_distill_1p5b__gsm8k_train_00018_86b6a534__temp0.60__seed7,0.24891346710989964,0.19047619047619047
deepseek_r1_distill_1p5b__gsm8k_train_00018_86b6a534__temp1.00__seed7,0.1888272449460598,
deepseek_r1_distill_1p5b__gsm8k_train_00019_fe91f244__temp0.10__seed7,0.28066687128054585,
deepseek_r1_distill_1p5b__gsm8k_train_00019_fe91f244__temp0.60__seed7,0.3305146689763768,
deepseek_r1_distill_1p5b__gsm8k_train_00019_fe91f244__temp1.00__seed7,0.23124692581363596,0.38095238095238093
deepseek_r1_distill_1p5b__gsm8k_train_00020_7d8a849a__temp0.10__seed7,0.335336212548479,0.0
deepseek_r1_distill_1p5b__gsm8k_train_00020_7d8a849a__temp0.60__seed7,0.17363043886115093,
deepseek_r1_distill_1p5b__gsm8k_train_00020_7d8a849a__temp1.00__seed7,0.18523102354547785,0.8095238095238095
deepseek_r1_distill_1p5b__gsm8k_train_00021_8849281d__temp0.10__seed7,0.2193781042597199,0.7777777777777778
deepseek_r1_distill_1p5b__gsm8k_train_00021_8849281d__temp0.60__seed7,0.38942507618815797,
deepseek_r1_distill_1p5b__gsm8k_train_00021_8849281d__temp1.00__seed7,0.2659030819383877,0.2222222222222222
deepseek_r1_distill_1p5b__gsm8k_train_00022_80c4da46__temp0.10__seed7,0.26207225088348124,0.5416666666666666
deepseek_r1_distill_1p5b__gsm8k_train_00022_80c4da46__temp0.60__seed7,0.2095746817125041,0.76
deepseek_r1_distill_1p5b__gsm8k_train_00022_80c4da46__temp1.00__seed7,0.20993636079136016,0.5
deepseek_r1_distill_1p5b__gsm8k_train_00023_5c659510__temp0.10__seed7,0.23726264956165194,
deepseek_r1_distill_1p5b__gsm8k_train_00023_5c659510__temp0.60__seed7,0.1881100127930067,
deepseek_r1_distill_1p5b__gsm8k_train_00023_5c659510__temp1.00__seed7,0.22041531275779475,
deepseek_r1_distill_1p5b__gsm8k_train_00024_f139cc04__temp0.10__seed7,0.1440935276486286,1.0
deepseek_r1_distill_1p5b__gsm8k_train_00024_f139cc04__temp0.60__seed7,0.31150179661391003,0.0
deepseek_r1_distill_1p5b__gsm8k_train_00024_f139cc04__temp1.00__seed7,0.15985688327120823,
deepseek_r1_distill_1p5b__gsm8k_train_00025_1a030c71__temp0.10__seed7,0.24411255009706112,0.625
deepseek_r1_distill_1p5b__gsm8k_train_00025_1a030c71__temp0.60__seed7,0.28170599758493553,0.5416666666666667
deepseek_r1_distill_1p5b__gsm8k_train_00025_1a030c71__temp1.00__seed7,0.1870407098819405,0.8333333333333333
deepseek_r1_distill_1p5b__gsm8k_train_00026_bf9e0c24__temp0.10__seed7,0.15804505372070426,0.875
deepseek_r1_distill_1p5b__gsm8k_train_00026_bf9e0c24__temp0.60__seed7,0.21845985865830775,0.42857142857142855
deepseek_r1_distill_1p5b__gsm8k_train_00026_bf9e0c24__temp1.00__seed7,0.1795116665138829,
deepseek_r1_distill_1p5b__gsm8k_train_00027_21e7ba75__temp0.10__seed7,0.18359255110692424,0.8333333333333334
deepseek_r1_distill_1p5b__gsm8k_train_00027_21e7ba75__temp0.60__seed7,0.289059257108759,
deepseek_r1_distill_1p5b__gsm8k_train_00027_21e7ba75__temp1.00__seed7,0.24076159844892367,0.0
deepseek_r1_distill_1p5b__gsm8k_train_00028_07c2d0db__temp0.10__seed7,0.22162389042269054,0.2222222222222222
deepseek_r1_distill_1p5b__gsm8k_train_00028_07c2d0db__temp0.60__seed7,0.28123209787892517,0.6666666666666666
deepseek_r1_distill_1p5b__gsm8k_train_00028_07c2d0db__temp1.00__seed7,0.2828465081282603,0.4375
deepseek_r1_distill_1p5b__gsm8k_train_00029_9fc74e20__temp0.10__seed7,0.3307186678413643,0.2857142857142857
deepseek_r1_distill_1p5b__gsm8k_train_00029_9fc74e20__temp0.60__seed7,0.28921680703098807,0.375
deepseek_r1_distill_1p5b__gsm8k_train_00029_9fc74e20__temp1.00__seed7,0.18604706682867386,0.6666666666666667
deepseek_r1_distill_1p5b__gsm8k_train_00030_4f09989a__temp0.10__seed7,0.30326415199723045,
deepseek_r1_distill_1p5b__gsm8k_train_00030_4f09989a__temp0.60__seed7,0.16538983697362938,
deepseek_r1_distill_1p5b__gsm8k_train_00030_4f09989a__temp1.00__seed7,0.19928508570134573,
deepseek_r1_distill_1p5b__gsm8k_train_00031_1c0c7800__temp0.10__seed7,0.2263998550858052,
deepseek_r1_distill_1p5b__gsm8k_train_00031_1c0c7800__temp0.60__seed7,0.1920437292207105,
deepseek_r1_distill_1p5b__gsm8k_train_00031_1c0c7800__temp1.00__seed7,0.2382992682371457,
deepseek_r1_distill_1p5b__gsm8k_train_00032_366614d9__temp0.10__seed7,0.2508575425001357,0.7619047619047619
deepseek_r1_distill_1p5b__gsm8k_train_00032_366614d9__temp0.60__seed7,0.2585674523921283,0.4166666666666667
deepseek_r1_distill_1p5b__gsm8k_train_00032_366614d9__temp1.00__seed7,0.3186404980704299,0.19047619047619047
deepseek_r1_distill_1p5b__gsm8k_train_00033_285b14f1__temp0.10__seed7,0.19861461102956895,0.6190476190476191
deepseek_r1_distill_1p5b__gsm8k_train_00033_285b14f1__temp0.60__seed7,0.2424058836569915,0.52
deepseek_r1_distill_1p5b__gsm8k_train_00033_285b14f1__temp1.00__seed7,0.2592761291184355,0.5238095238095238
deepseek_r1_distill_1p5b__gsm8k_train_00034_b46e2eee__temp0.10__seed7,0.231968514071291,0.7777777777777778
deepseek_r1_distill_1p5b__gsm8k_train_00034_b46e2eee__temp0.60__seed7,0.20128647877987227,
deepseek_r1_distill_1p5b__gsm8k_train_00034_b46e2eee__temp1.00__seed7,0.12261914552346002,
deepseek_r1_distill_1p5b__gsm8k_train_00035_e581c993__temp0.10__seed7,0.3060968745223307,0.4285714285714286
deepseek_r1_distill_1p5b__gsm8k_train_00035_e581c993__temp0.60__seed7,0.24902361117752164,0.2222222222222222
deepseek_r1_distill_1p5b__gsm8k_train_00035_e581c993__temp1.00__seed7,0.20911126391302576,0.33333333333333337
deepseek_r1_distill_1p5b__gsm8k_train_00036_5cc8bffa__temp0.10__seed7,0.28108228078901587,0.24000000000000002
deepseek_r1_distill_1p5b__gsm8k_train_00036_5cc8bffa__temp0.60__seed7,0.149812669124891,0.875
deepseek_r1_distill_1p5b__gsm8k_train_00036_5cc8bffa__temp1.00__seed7,0.2767259966530106,0.7083333333333334
deepseek_r1_distill_1p5b__gsm8k_train_00037_59a9e4e3__temp0.10__seed7,0.2352838546667241,0.5
deepseek_r1_distill_1p5b__gsm8k_train_00037_59a9e4e3__temp0.60__seed7,0.2431620634349708,0.5416666666666666
deepseek_r1_distill_1p5b__gsm8k_train_00037_59a9e4e3__temp1.00__seed7,0.17292926318794238,0.75
deepseek_r1_distill_1p5b__gsm8k_train_00038_40afacc8__temp0.10__seed7,0.23099305938150247,0.4375
deepseek_r1_distill_1p5b__gsm8k_train_00038_40afacc8__temp0.60__seed7,0.14798115045857546,0.8125
deepseek_r1_distill_1p5b__gsm8k_train_00038_40afacc8__temp1.00__seed7,0.37445451321117684,0.0
deepseek_r1_distill_1p5b__gsm8k_train_00039_3f079edf__temp0.10__seed7,0.30188526108115765,0.4375
deepseek_r1_distill_1p5b__gsm8k_train_00039_3f079edf__temp0.60__seed7,0.3146239546841868,0.3125
deepseek_r1_distill_1p5b__gsm8k_train_00039_3f079edf__temp1.00__seed7,0.3235174144805161,0.11111111111111116
deepseek_r1_distill_1p5b__gsm8k_train_00040_26fced6d__temp0.10__seed7,0.14750163838712754,
deepseek_r1_distill_1p5b__gsm8k_train_00040_26fced6d__temp0.60__seed7,0.15908498467056198,
deepseek_r1_distill_1p5b__gsm8k_train_00040_26fced6d__temp1.00__seed7,0.13329262413809378,
deepseek_r1_distill_1p5b__gsm8k_train_00041_a5b39aca__temp0.10__seed7,0.23372066670430347,0.64
deepseek_r1_distill_1p5b__gsm8k_train_00041_a5b39aca__temp0.60__seed7,0.22219977075037484,0.625
deepseek_r1_distill_1p5b__gsm8k_train_00041_a5b39aca__temp1.00__seed7,0.1712368220655601,0.875
deepseek_r1_distill_1p5b__gsm8k_train_00042_90e751d7__temp0.10__seed7,0.1856891444943514,
deepseek_r1_distill_1p5b__gsm8k_train_00042_90e751d7__temp0.60__seed7,0.1474652233890961,0.5555555555555556
deepseek_r1_distill_1p5b__gsm8k_train_00042_90e751d7__temp1.00__seed7,0.16156260317210341,
deepseek_r1_distill_1p5b__gsm8k_train_00043_94f5ad37__temp0.10__seed7,0.19969041351037575,0.7916666666666667
deepseek_r1_distill_1p5b__gsm8k_train_00043_94f5ad37__temp0.60__seed7,0.1653896234357622,1.0
deepseek_r1_distill_1p5b__gsm8k_train_00043_94f5ad37__temp1.00__seed7,0.10710480697181968,0.8888888888888888
deepseek_r1_distill_1p5b__gsm8k_train_00044_9c745cd7__temp0.10__seed7,0.1654374744321724,0.875
deepseek_r1_distill_1p5b__gsm8k_train_00044_9c745cd7__temp0.60__seed7,0.20049814035965458,0.7916666666666666
deepseek_r1_distill_1p5b__gsm8k_train_00044_9c745cd7__temp1.00__seed7,0.1409757639109929,0.8888888888888888
deepseek_r1_distill_1p5b__gsm8k_train_00045_6652e47d__temp0.10__seed7,0.13407494960271288,1.0
deepseek_r1_distill_1p5b__gsm8k_train_00045_6652e47d__temp0.60__seed7,0.21754758998855123,0.6799999999999999
deepseek_r1_distill_1p5b__gsm8k_train_00045_6652e47d__temp1.00__seed7,0.13987445380459906,1.0
deepseek_r1_distill_1p5b__gsm8k_train_00046_9575ad8f__temp0.10__seed7,0.1838760308470099,0.875
deepseek_r1_distill_1p5b__gsm8k_train_00046_9575ad8f__temp0.60__seed7,0.1602961511178433,1.0
deepseek_r1_distill_1p5b__gsm8k_train_00046_9575ad8f__temp1.00__seed7,0.16811121537652707,
deepseek_r1_distill_1p5b__gsm8k_train_00047_f2440a00__temp0.10__seed7,0.23878932483227291,0.625
deepseek_r1_distill_1p5b__gsm8k_train_00047_f2440a00__temp0.60__seed7,0.2136103199480118,0.76
deepseek_r1_distill_1p5b__gsm8k_train_00047_f2440a00__temp1.00__seed7,0.18078762900259931,0.875
deepseek_r1_distill_1p5b__gsm8k_train_00048_11e2cfda__temp0.10__seed7,0.1843582485669049,0.7777777777777778
deepseek_r1_distill_1p5b__gsm8k_train_00048_11e2cfda__temp0.60__seed7,0.23876673589268668,
deepseek_r1_distill_1p5b__gsm8k_train_00048_11e2cfda__temp1.00__seed7,0.2933391973031027,
deepseek_r1_distill_1p5b__gsm8k_train_00049_47b14786__temp0.10__seed7,0.25584134979463763,0.5625
deepseek_r1_distill_1p5b__gsm8k_train_00049_47b14786__temp0.60__seed7,0.32326902040487615,0.6875
deepseek_r1_distill_1p5b__gsm8k_train_00049_47b14786__temp1.00__seed7,0.23802866571943793,0.5714285714285714
deepseek_r1_distill_1p5b__gsm8k_train_00050_573850e8__temp0.10__seed7,0.29768286690712936,0.5625
deepseek_r1_distill_1p5b__gsm8k_train_00050_573850e8__temp0.60__seed7,0.32382975100026296,0.1875
deepseek_r1_distill_1p5b__gsm8k_train_00050_573850e8__temp1.00__seed7,0.24349002564789884,0.45833333333333337
deepseek_r1_distill_1p5b__gsm8k_train_00051_45d98db9__temp0.10__seed7,0.12148718652365047,0.8888888888888888
deepseek_r1_distill_1p5b__gsm8k_train_00051_45d98db9__temp0.60__seed7,0.25846313369837837,0.625
deepseek_r1_distill_1p5b__gsm8k_train_00051_45d98db9__temp1.00__seed7,0.2967927339502089,0.0
deepseek_r1_distill_1p5b__gsm8k_train_00052_62a46c30__temp0.10__seed7,0.21960962413880578,0.625
deepseek_r1_distill_1p5b__gsm8k_train_00052_62a46c30__temp0.60__seed7,0.19762236646230547,0.9047619047619048
deepseek_r1_distill_1p5b__gsm8k_train_00052_62a46c30__temp1.00__seed7,0.22184835406359218,0.5416666666666667
deepseek_r1_distill_1p5b__gsm8k_train_00053_0f2bea45__temp0.10__seed7,0.183970499302731,0.625
deepseek_r1_distill_1p5b__gsm8k_train_00053_0f2bea45__temp0.60__seed7,0.26364448524542017,0.25
deepseek_r1_distill_1p5b__gsm8k_train_00053_0f2bea45__temp1.00__seed7,0.18503898232306046,0.7916666666666666
deepseek_r1_distill_1p5b__gsm8k_train_00054_2dc1e445__temp0.10__seed7,0.18530922833797295,0.9583333333333334
deepseek_r1_distill_1p5b__gsm8k_train_00054_2dc1e445__temp0.60__seed7,0.18404076413188716,0.7619047619047619
deepseek_r1_distill_1p5b__gsm8k_train_00054_2dc1e445__temp1.00__seed7,0.19342845924111882,0.8095238095238095
deepseek_r1_distill_1p5b__gsm8k_train_00055_0a51a335__temp0.10__seed7,0.25684909017366636,0.5
deepseek_r1_distill_1p5b__gsm8k_train_00055_0a51a335__temp0.60__seed7,0.2396262525349504,0.5714285714285714
deepseek_r1_distill_1p5b__gsm8k_train_00055_0a51a335__temp1.00__seed7,0.23157482678897562,1.0
deepseek_r1_distill_1p5b__gsm8k_train_00056_1e4c2fc2__temp0.10__seed7,0.3169544086185885,
deepseek_r1_distill_1p5b__gsm8k_train_00056_1e4c2fc2__temp0.60__seed7,0.1955516198014501,
deepseek_r1_distill_1p5b__gsm8k_train_00056_1e4c2fc2__temp1.00__seed7,0.15335061170384906,
deepseek_r1_distill_1p5b__gsm8k_train_00057_57b7f2d4__temp0.10__seed7,0.17314237873851523,
deepseek_r1_distill_1p5b__gsm8k_train_00057_57b7f2d4__temp0.60__seed7,0.16492907087112266,
deepseek_r1_distill_1p5b__gsm8k_train_00057_57b7f2d4__temp1.00__seed7,0.14005540295003,
deepseek_r1_distill_1p5b__gsm8k_train_00058_43c88879__temp0.10__seed7,0.2310089963689245,0.5625
deepseek_r1_distill_1p5b__gsm8k_train_00058_43c88879__temp0.60__seed7,0.29474856301263286,0.4444444444444444
deepseek_r1_distill_1p5b__gsm8k_train_00058_43c88879__temp1.00__seed7,0.23756667675797022,0.75
deepseek_r1_distill_1p5b__gsm8k_train_00059_90db2977__temp0.10__seed7,0.14262350408988905,1.0
deepseek_r1_distill_1p5b__gsm8k_train_00059_90db2977__temp0.60__seed7,0.17101107606860524,0.875
deepseek_r1_distill_1p5b__gsm8k_train_00059_90db2977__temp1.00__seed7,0.20377577918698614,0.625
deepseek_r1_distill_1p5b__gsm8k_train_00060_9b3f9448__temp0.10__seed7,0.3063531349762444,
deepseek_r1_distill_1p5b__gsm8k_train_00060_9b3f9448__temp0.60__seed7,0.2777047697771252,0.4761904761904762
deepseek_r1_distill_1p5b__gsm8k_train_00060_9b3f9448__temp1.00__seed7,0.2081354306138378,1.0
deepseek_r1_distill_1p5b__gsm8k_train_00061_0e425d85__temp0.10__seed7,0.18786812107839637,0.75
deepseek_r1_distill_1p5b__gsm8k_train_00061_0e425d85__temp0.60__seed7,0.20511355757821043,0.75
deepseek_r1_distill_1p5b__gsm8k_train_00061_0e425d85__temp1.00__seed7,0.17177989584266223,
deepseek_r1_distill_1p5b__gsm8k_train_00062_8f0f003e__temp0.10__seed7,0.2463253663944316,0.5416666666666667
deepseek_r1_distill_1p5b__gsm8k_train_00062_8f0f003e__temp0.60__seed7,0.3294052447792483,0.38095238095238093
deepseek_r1_distill_1p5b__gsm8k_train_00062_8f0f003e__temp1.00__seed7,0.18877936963812175,0.7083333333333334
deepseek_r1_distill_1p5b__gsm8k_train_00063_1418fe17__temp0.10__seed7,0.188289609051356,0.875
deepseek_r1_distill_1p5b__gsm8k_train_00063_1418fe17__temp0.60__seed7,0.167437092127044,0.75
deepseek_r1_distill_1p5b__gsm8k_train_00063_1418fe17__temp1.00__seed7,0.212174307446562,0.8400000000000001
deepseek_r1_distill_1p5b__gsm8k_train_00064_a2146c67__temp0.10__seed7,0.26550792917098043,0.33333333333333337
deepseek_r1_distill_1p5b__gsm8k_train_00064_a2146c67__temp0.60__seed7,0.16172495854514574,
deepseek_r1_distill_1p5b__gsm8k_train_00064_a2146c67__temp1.00__seed7,0.16062676007253138,0.7777777777777778
deepseek_r1_distill_1p5b__gsm8k_train_00065_730f674d__temp0.10__seed7,0.25428061127794155,
deepseek_r1_distill_1p5b__gsm8k_train_00065_730f674d__temp0.60__seed7,0.25904682629070463,
deepseek_r1_distill_1p5b__gsm8k_train_00065_730f674d__temp1.00__seed7,0.24536084195468977,
deepseek_r1_distill_1p5b__gsm8k_train_00066_657c5999__temp0.10__seed7,0.21201998959227555,0.0
deepseek_r1_distill_1p5b__gsm8k_train_00066_657c5999__temp0.60__seed7,0.25400539590549576,0.11111111111111116
deepseek_r1_distill_1p5b__gsm8k_train_00066_657c5999__temp1.00__seed7,0.1641402948911144,0.9047619047619049
deepseek_r1_distill_1p5b__gsm8k_train_00067_7ae2a064__temp0.10__seed7,0.39973580988191376,
deepseek_r1_distill_1p5b__gsm8k_train_00067_7ae2a064__temp0.60__seed7,0.25849913556023724,
deepseek_r1_distill_1p5b__gsm8k_train_00067_7ae2a064__temp1.00__seed7,0.276508069779143,
deepseek_r1_distill_1p5b__gsm8k_train_00068_76571793__temp0.10__seed7,0.22220840301003858,0.45833333333333326
deepseek_r1_distill_1p5b__gsm8k_train_00068_76571793__temp0.60__seed7,0.3152206601875314,0.33333333333333337
deepseek_r1_distill_1p5b__gsm8k_train_00068_76571793__temp1.00__seed7,0.236736405964204,0.6666666666666666
deepseek_r1_distill_1p5b__gsm8k_train_00069_d68659f7__temp0.10__seed7,0.19919037745210505,0.8333333333333334
deepseek_r1_distill_1p5b__gsm8k_train_00069_d68659f7__temp0.60__seed7,0.19339477353545878,0.7142857142857144
deepseek_r1_distill_1p5b__gsm8k_train_00069_d68659f7__temp1.00__seed7,0.16885923164049102,0.8400000000000001
deepseek_r1_distill_1p5b__gsm8k_train_00070_71b9fc29__temp0.10__seed7,0.22259613438116435,
deepseek_r1_distill_1p5b__gsm8k_train_00070_71b9fc29__temp0.60__seed7,0.23966136338019844,
deepseek_r1_distill_1p5b__gsm8k_train_00070_71b9fc29__temp1.00__seed7,0.18819261653101055,1.0
deepseek_r1_distill_1p5b__gsm8k_train_00071_c665e122__temp0.10__seed7,0.1879996286231908,0.7916666666666667
deepseek_r1_distill_1p5b__gsm8k_train_00071_c665e122__temp0.60__seed7,0.2182530969097672,0.6666666666666667
deepseek_r1_distill_1p5b__gsm8k_train_00071_c665e122__temp1.00__seed7,0.19595005807462434,0.8333333333333334
deepseek_r1_distill_1p5b__gsm8k_train_00072_29bf6ced__temp0.10__seed7,0.2716977386456355,
deepseek_r1_distill_1p5b__gsm8k_train_00072_29bf6ced__temp0.60__seed7,0.25683043063759714,0.47619047619047616
deepseek_r1_distill_1p5b__gsm8k_train_00072_29bf6ced__temp1.00__seed7,0.2505594936229759,
deepseek_r1_distill_1p5b__gsm8k_train_00073_bba2194d__temp0.10__seed7,0.2143812553459974,
deepseek_r1_distill_1p5b__gsm8k_train_00073_bba2194d__temp0.60__seed7,0.20031518575985316,
deepseek_r1_distill_1p5b__gsm8k_train_00073_bba2194d__temp1.00__seed7,0.1398955085640537,
deepseek_r1_distill_1p5b__gsm8k_train_00074_f7b6c77d__temp0.10__seed7,0.2525753806093226,
deepseek_r1_distill_1p5b__gsm8k_train_00074_f7b6c77d__temp0.60__seed7,0.2183658568415928,0.375
deepseek_r1_distill_1p5b__gsm8k_train_00074_f7b6c77d__temp1.00__seed7,0.21537797270148046,0.1875
deepseek_r1_distill_1p5b__gsm8k_train_00075_701b0438__temp0.10__seed7,0.22367400001822646,
deepseek_r1_distill_1p5b__gsm8k_train_00075_701b0438__temp0.60__seed7,0.2525721966743623,0.5833333333333334
deepseek_r1_distill_1p5b__gsm8k_train_00075_701b0438__temp1.00__seed7,0.23994737110981812,0.33333333333333337
deepseek_r1_distill_1p5b__gsm8k_train_00076_4bc39af7__temp0.10__seed7,0.23591392226562027,
deepseek_r1_distill_1p5b__gsm8k_train_00076_4bc39af7__temp0.60__seed7,0.2549123112421999,
deepseek_r1_distill_1p5b__gsm8k_train_00076_4bc39af7__temp1.00__seed7,0.15991658501285672,
deepseek_r1_distill_1p5b__gsm8k_train_00077_ef228274__temp0.10__seed7,0.20360549185659468,0.6666666666666667
deepseek_r1_distill_1p5b__gsm8k_train_00077_ef228274__temp0.60__seed7,0.23872629910762228,0.625
deepseek_r1_distill_1p5b__gsm8k_train_00077_ef228274__temp1.00__seed7,0.20106080534857734,0.2222222222222222
deepseek_r1_distill_1p5b__gsm8k_train_00078_8202f885__temp0.10__seed7,0.19089966257484942,0.6666666666666667
deepseek_r1_distill_1p5b__gsm8k_train_00078_8202f885__temp0.60__seed7,0.16380320364444903,0.7777777777777778
deepseek_r1_distill_1p5b__gsm8k_train_00078_8202f885__temp1.00__seed7,0.1567582064147303,
deepseek_r1_distill_1p5b__gsm8k_train_00079_02bbd64d__temp0.10__seed7,0.22469632400389977,0.64
deepseek_r1_distill_1p5b__gsm8k_train_00079_02bbd64d__temp0.60__seed7,0.21441737130379046,0.7916666666666667
deepseek_r1_distill_1p5b__gsm8k_train_00079_02bbd64d__temp1.00__seed7,0.33286856580808977,
deepseek_r1_distill_1p5b__gsm8k_train_00080_9c0e3ea5__temp0.10__seed7,0.13573858039924966,
deepseek_r1_distill_1p5b__gsm8k_train_00080_9c0e3ea5__temp0.60__seed7,0.13594522267833503,
deepseek_r1_distill_1p5b__gsm8k_train_00080_9c0e3ea5__temp1.00__seed7,0.1475962402882413,0.4444444444444444
deepseek_r1_distill_1p5b__gsm8k_train_00081_0f393056__temp0.10__seed7,0.23444623821904606,
deepseek_r1_distill_1p5b__gsm8k_train_00081_0f393056__temp0.60__seed7,0.13858390433263545,
deepseek_r1_distill_1p5b__gsm8k_train_00081_0f393056__temp1.00__seed7,0.12804268862529036,
deepseek_r1_distill_1p5b__gsm8k_train_00082_3bc88e6c__temp0.10__seed7,0.26873183221051283,0.4
deepseek_r1_distill_1p5b__gsm8k_train_00082_3bc88e6c__temp0.60__seed7,0.18363128016681102,0.761904761904762
deepseek_r1_distill_1p5b__gsm8k_train_00082_3bc88e6c__temp1.00__seed7,0.30099048595138106,0.375
deepseek_r1_distill_1p5b__gsm8k_train_00083_51275bdc__temp0.10__seed7,0.17091703680250564,1.0
deepseek_r1_distill_1p5b__gsm8k_train_00083_51275bdc__temp0.60__seed7,0.2954609544684218,0.38095238095238093
deepseek_r1_distill_1p5b__gsm8k_train_00083_51275bdc__temp1.00__seed7,0.25190704358706545,0.625
deepseek_r1_distill_1p5b__gsm8k_train_00084_3f815691__temp0.10__seed7,0.2229945334956423,0.6666666666666666
deepseek_r1_distill_1p5b__gsm8k_train_00084_3f815691__temp0.60__seed7,0.24548113729768578,0.6250000000000001
deepseek_r1_distill_1p5b__gsm8k_train_00084_3f815691__temp1.00__seed7,0.16970949648730158,0.7916666666666666
deepseek_r1_distill_1p5b__gsm8k_train_00085_a89e3367__temp0.10__seed7,0.29567198640526804,0.0
deepseek_r1_distill_1p5b__gsm8k_train_00085_a89e3367__temp0.60__seed7,0.271940353531797,
deepseek_r1_distill_1p5b__gsm8k_train_00085_a89e3367__temp1.00__seed7,0.28981689263207105,
deepseek_r1_distill_1p5b__gsm8k_train_00086_af406602__temp0.10__seed7,0.2861357831810941,
deepseek_r1_distill_1p5b__gsm8k_train_00086_af406602__temp0.60__seed7,0.27601259369705444,0.625
deepseek_r1_distill_1p5b__gsm8k_train_00086_af406602__temp1.00__seed7,0.252538994824141,
deepseek_r1_distill_1p5b__gsm8k_train_00087_c84aacb9__temp0.10__seed7,0.16155566072726685,0.75
deepseek_r1_distill_1p5b__gsm8k_train_00087_c84aacb9__temp0.60__seed7,0.22684430188013058,0.56
deepseek_r1_distill_1p5b__gsm8k_train_00087_c84aacb9__temp1.00__seed7,0.23813122682854795,0.72
deepseek_r1_distill_1p5b__gsm8k_train_00088_f1f3640a__temp0.10__seed7,0.2553184562401811,0.5238095238095238
deepseek_r1_distill_1p5b__gsm8k_train_00088_f1f3640a__temp0.60__seed7,0.2909033214575055,0.125
deepseek_r1_distill_1p5b__gsm8k_train_00088_f1f3640a__temp1.00__seed7,0.2564694770653512,0.75
deepseek_r1_distill_1p5b__gsm8k_train_00089_2aacad9b__temp0.10__seed7,0.292950587178708,0.33333333333333337
deepseek_r1_distill_1p5b__gsm8k_train_00089_2aacad9b__temp0.60__seed7,0.3364534626220287,0.4444444444444444
deepseek_r1_distill_1p5b__gsm8k_train_00089_2aacad9b__temp1.00__seed7,0.24143385302863454,0.625
deepseek_r1_distill_1p5b__gsm8k_train_00090_29b27436__temp0.10__seed7,0.14089510084530388,0.8888888888888888
deepseek_r1_distill_1p5b__gsm8k_train_00090_29b27436__temp0.60__seed7,0.13484454848705824,1.0
deepseek_r1_distill_1p5b__gsm8k_train_00090_29b27436__temp1.00__seed7,0.20123516399604718,0.7142857142857143
deepseek_r1_distill_1p5b__gsm8k_train_00091_448c3a36__temp0.10__seed7,0.19302214962340355,0.88
deepseek_r1_distill_1p5b__gsm8k_train_00091_448c3a36__temp0.60__seed7,0.2712527000023367,0.375
deepseek_r1_distill_1p5b__gsm8k_train_00091_448c3a36__temp1.00__seed7,0.19337529411624846,0.8571428571428572
deepseek_r1_distill_1p5b__gsm8k_train_00092_223e8435__temp0.10__seed7,0.40735606862428647,
deepseek_r1_distill_1p5b__gsm8k_train_00092_223e8435__temp0.60__seed7,0.20896122212316443,0.5555555555555556
deepseek_r1_distill_1p5b__gsm8k_train_00092_223e8435__temp1.00__seed7,0.2427371925286148,
deepseek_r1_distill_1p5b__gsm8k_train_00093_71d569f4__temp0.10__seed7,0.1874678340208449,0.9166666666666666
deepseek_r1_distill_1p5b__gsm8k_train_00093_71d569f4__temp0.60__seed7,0.165753434812983,0.875
deepseek_r1_distill_1p5b__gsm8k_train_00093_71d569f4__temp1.00__seed7,0.27036942277836856,0.5555555555555556
deepseek_r1_distill_1p5b__gsm8k_train_00094_8eaa9faa__temp0.10__seed7,0.30741228291346795,0.33333333333333337
deepseek_r1_distill_1p5b__gsm8k_train_00094_8eaa9faa__temp0.60__seed7,0.24308614229705022,0.4444444444444444
deepseek_r1_distill_1p5b__gsm8k_train_00094_8eaa9faa__temp1.00__seed7,0.2873701807226181,
deepseek_r1_distill_1p5b__gsm8k_train_00095_284c5d46__temp0.10__seed7,0.26613017909101594,0.5714285714285714
deepseek_r1_distill_1p5b__gsm8k_train_00095_284c5d46__temp0.60__seed7,0.16720362720543652,0.9166666666666666
deepseek_r1_distill_1p5b__gsm8k_train_00095_284c5d46__temp1.00__seed7,0.25164897668413144,0.875
deepseek_r1_distill_1p5b__gsm8k_train_00096_6481a627__temp0.10__seed7,0.19333253901849215,
deepseek_r1_distill_1p5b__gsm8k_train_00096_6481a627__temp0.60__seed7,0.18815190165828194,
deepseek_r1_distill_1p5b__gsm8k_train_00096_6481a627__temp1.00__seed7,0.20315097498746626,
deepseek_r1_distill_1p5b__gsm8k_train_00097_6bd27f05__temp0.10__seed7,0.16405137677182977,0.9047619047619049
deepseek_r1_distill_1p5b__gsm8k_train_00097_6bd27f05__temp0.60__seed7,0.15060552661373078,1.0
deepseek_r1_distill_1p5b__gsm8k_train_00097_6bd27f05__temp1.00__seed7,0.25463116038898553,0.48
deepseek_r1_distill_1p5b__gsm8k_train_00098_d726f63c__temp0.10__seed7,0.22375767028438937,0.6799999999999999
deepseek_r1_distill_1p5b__gsm8k_train_00098_d726f63c__temp0.60__seed7,0.26589432198062557,
deepseek_r1_distill_1p5b__gsm8k_train_00098_d726f63c__temp1.00__seed7,0.21925917202462678,
deepseek_r1_distill_1p5b__gsm8k_train_00099_8293657a__temp0.10__seed7,0.21755210064607403,
deepseek_r1_distill_1p5b__gsm8k_train_00099_8293657a__temp0.60__seed7,0.22914097463691743,
deepseek_r1_distill_1p5b__gsm8k_train_00099_8293657a__temp1.00__seed7,0.17083059124024752,
deepseek_r1_distill_1p5b__gsm8k_train_00100_d5a06669__temp0.10__seed7,0.18408478817416002,0.9047619047619049
deepseek_r1_distill_1p5b__gsm8k_train_00100_d5a06669__temp0.60__seed7,0.2791579543209171,0.5714285714285714
deepseek_r1_distill_1p5b__gsm8k_train_00100_d5a06669__temp1.00__seed7,0.23325922021805584,0.5555555555555556
deepseek_r1_distill_1p5b__gsm8k_train_00101_731d35d2__temp0.10__seed7,0.1579644933590387,0.9583333333333334
deepseek_r1_distill_1p5b__gsm8k_train_00101_731d35d2__temp0.60__seed7,0.14933407920461914,0.875
deepseek_r1_distill_1p5b__gsm8k_train_00101_731d35d2__temp1.00__seed7,0.22276002686375654,0.5833333333333333
deepseek_r1_distill_1p5b__gsm8k_train_00102_0ea96c31__temp0.10__seed7,0.2706296228652655,
deepseek_r1_distill_1p5b__gsm8k_train_00102_0ea96c31__temp0.60__seed7,0.17753187361233577,
deepseek_r1_distill_1p5b__gsm8k_train_00102_0ea96c31__temp1.00__seed7,0.12591462645783263,
deepseek_r1_distill_1p5b__gsm8k_train_00103_230412df__temp0.10__seed7,0.28129437439132693,0.5
deepseek_r1_distill_1p5b__gsm8k_train_00103_230412df__temp0.60__seed7,0.3308226301645198,0.2857142857142857
deepseek_r1_distill_1p5b__gsm8k_train_00103_230412df__temp1.00__seed7,0.22888045415407018,0.6666666666666666
deepseek_r1_distill_1p5b__gsm8k_train_00104_d3998bd4__temp0.10__seed7,0.25585366267702997,
deepseek_r1_distill_1p5b__gsm8k_train_00104_d3998bd4__temp0.60__seed7,0.1584168084161188,
deepseek_r1_distill_1p5b__gsm8k_train_00104_d3998bd4__temp1.00__seed7,0.1698006343926639,
deepseek_r1_distill_1p5b__gsm8k_train_00105_042a250a__temp0.10__seed7,0.2794343102547771,0.4444444444444444
deepseek_r1_distill_1p5b__gsm8k_train_00105_042a250a__temp0.60__seed7,0.20161164362377879,0.8095238095238095
deepseek_r1_distill_1p5b__gsm8k_train_00105_042a250a__temp1.00__seed7,0.2856073902765945,0.0
deepseek_r1_distill_1p5b__gsm8k_train_00106_8cad3b52__temp0.10__seed7,0.24157353298951634,0.5
deepseek_r1_distill_1p5b__gsm8k_train_00106_8cad3b52__temp0.60__seed7,0.2139341692371391,0.5714285714285714
deepseek_r1_distill_1p5b__gsm8k_train_00106_8cad3b52__temp1.00__seed7,0.23539978061141648,0.1875
deepseek_r1_distill_1p5b__gsm8k_train_00107_4caf115e__temp0.10__seed7,0.16916635433837585,0.9047619047619049
deepseek_r1_distill_1p5b__gsm8k_train_00107_4caf115e__temp0.60__seed7,0.20597849526604112,0.7142857142857143
deepseek_r1_distill_1p5b__gsm8k_train_00107_4caf115e__temp1.00__seed7,0.2727033723049571,0.625
deepseek_r1_distill_1p5b__gsm8k_train_00108_5ac22bd3__temp0.10__seed7,0.26692257669249064,0.48
deepseek_r1_distill_1p5b__gsm8k_train_00108_5ac22bd3__temp0.60__seed7,0.17919441244320838,0.8333333333333334
deepseek_r1_distill_1p5b__gsm8k_train_00108_5ac22bd3__temp1.00__seed7,0.25594456842593327,0.2222222222222222
deepseek_r1_distill_1p5b__gsm8k_train_00109_92e23e8b__temp0.10__seed7,0.2316270580007887,0.6799999999999999
deepseek_r1_distill_1p5b__gsm8k_train_00109_92e23e8b__temp0.60__seed7,0.12352495937613897,1.0
deepseek_r1_distill_1p5b__gsm8k_train_00109_92e23e8b__temp1.00__seed7,0.3071659779068982,0.11111111111111116
deepseek_r1_distill_1p5b__gsm8k_train_00110_3f6b3060__temp0.10__seed7,0.13486208315878817,0.4444444444444444
deepseek_r1_distill_1p5b__gsm8k_train_00110_3f6b3060__temp0.60__seed7,0.22936531162736218,0.3125
deepseek_r1_distill_1p5b__gsm8k_train_00110_3f6b3060__temp1.00__seed7,0.19660078383981167,0.8095238095238095
deepseek_r1_distill_1p5b__gsm8k_train_00111_d25ba2bc__temp0.10__seed7,0.20799340219935564,
deepseek_r1_distill_1p5b__gsm8k_train_00111_d25ba2bc__temp0.60__seed7,0.2923031130770871,
deepseek_r1_distill_1p5b__gsm8k_train_00111_d25ba2bc__temp1.00__seed7,0.1613250419964734,0.88
deepseek_r1_distill_1p5b__gsm8k_train_00112_d004953d__temp0.10__seed7,0.25620184895290976,0.5
deepseek_r1_distill_1p5b__gsm8k_train_00112_d004953d__temp0.60__seed7,0.2823353589946238,
deepseek_r1_distill_1p5b__gsm8k_train_00112_d004953d__temp1.00__seed7,0.156988381375954,0.6666666666666667
deepseek_r1_distill_1p5b__gsm8k_train_00113_4b07acb1__temp0.10__seed7,0.22373144662470396,0.4375
deepseek_r1_distill_1p5b__gsm8k_train_00113_4b07acb1__temp0.60__seed7,0.19667748296372767,0.0
deepseek_r1_distill_1p5b__gsm8k_train_00113_4b07acb1__temp1.00__seed7,0.19580044114785183,0.6666666666666667
deepseek_r1_distill_1p5b__gsm8k_train_00114_475adb02__temp0.10__seed7,0.2854062298520565,0.11111111111111116
deepseek_r1_distill_1p5b__gsm8k_train_00114_475adb02__temp0.60__seed7,0.2267899053655741,
deepseek_r1_distill_1p5b__gsm8k_train_00114_475adb02__temp1.00__seed7,0.2899709536933068,0.2222222222222222
deepseek_r1_distill_1p5b__gsm8k_train_00115_2d23fc87__temp0.10__seed7,0.305119658954576,0.0
deepseek_r1_distill_1p5b__gsm8k_train_00115_2d23fc87__temp0.60__seed7,0.3323602197150467,
deepseek_r1_distill_1p5b__gsm8k_train_00115_2d23fc87__temp1.00__seed7,0.19688451919971162,0.5
deepseek_r1_distill_1p5b__gsm8k_train_00116_2556d227__temp0.10__seed7,0.2504446264956627,0.52
deepseek_r1_distill_1p5b__gsm8k_train_00116_2556d227__temp0.60__seed7,0.2336799834619348,0.625
deepseek_r1_distill_1p5b__gsm8k_train_00116_2556d227__temp1.00__seed7,0.168439223743284,0.8125
deepseek_r1_distill_1p5b__gsm8k_train_00117_ad977811__temp0.10__seed7,0.11928959835332224,
deepseek_r1_distill_1p5b__gsm8k_train_00117_ad977811__temp0.60__seed7,0.22547341553674335,
deepseek_r1_distill_1p5b__gsm8k_train_00117_ad977811__temp1.00__seed7,0.1442193147986315,
deepseek_r1_distill_1p5b__gsm8k_train_00118_a973f8cb__temp0.10__seed7,0.23992936267878195,0.375
deepseek_r1_distill_1p5b__gsm8k_train_00118_a973f8cb__temp0.60__seed7,0.11783385586296076,0.8888888888888888
deepseek_r1_distill_1p5b__gsm8k_train_00118_a973f8cb__temp1.00__seed7,0.10191580615690828,1.0
deepseek_r1_distill_1p5b__gsm8k_train_00119_0de1b1ef__temp0.10__seed7,0.2259729628331694,0.5238095238095237
deepseek_r1_distill_1p5b__gsm8k_train_00119_0de1b1ef__temp0.60__seed7,0.21237271871156124,0.625
deepseek_r1_distill_1p5b__gsm8k_train_00119_0de1b1ef__temp1.00__seed7,0.10828821853509278,
deepseek_r1_distill_1p5b__gsm8k_train_00120_7b987bc2__temp0.10__seed7,0.2338676912834441,0.6
deepseek_r1_distill_1p5b__gsm8k_train_00120_7b987bc2__temp0.60__seed7,0.28449750637579363,0.43999999999999995
deepseek_r1_distill_1p5b__gsm8k_train_00120_7b987bc2__temp1.00__seed7,0.18657820182646087,0.9583333333333334
deepseek_r1_distill_1p5b__gsm8k_train_00121_34e49988__temp0.10__seed7,0.2635585271894153,
deepseek_r1_distill_1p5b__gsm8k_train_00121_34e49988__temp0.60__seed7,0.2273051736328581,
deepseek_r1_distill_1p5b__gsm8k_train_00121_34e49988__temp1.00__seed7,0.1564029530983579,
deepseek_r1_distill_1p5b__gsm8k_train_00122_85671496__temp0.10__seed7,0.3132125247349086,0.25
deepseek_r1_distill_1p5b__gsm8k_train_00122_85671496__temp0.60__seed7,0.24033496950865452,0.42857142857142855
deepseek_r1_distill_1p5b__gsm8k_train_00122_85671496__temp1.00__seed7,0.180067590601317,0.8571428571428571
deepseek_r1_distill_1p5b__gsm8k_train_00123_9e888b7b__temp0.10__seed7,0.3516836417409648,0.23809523809523814
deepseek_r1_distill_1p5b__gsm8k_train_00123_9e888b7b__temp0.60__seed7,0.35560369944748427,
deepseek_r1_distill_1p5b__gsm8k_train_00123_9e888b7b__temp1.00__seed7,0.3057964969935084,0.5
deepseek_r1_distill_1p5b__gsm8k_train_00124_19913472__temp0.10__seed7,0.24623244840839614,0.32
deepseek_r1_distill_1p5b__gsm8k_train_00124_19913472__temp0.60__seed7,0.15500745925358722,1.0
deepseek_r1_distill_1p5b__gsm8k_train_00124_19913472__temp1.00__seed7,0.20872871320957476,0.7916666666666666
deepseek_r1_distill_1p5b__gsm8k_train_00125_484d3aab__temp0.10__seed7,0.12203914373771219,1.0
deepseek_r1_distill_1p5b__gsm8k_train_00125_484d3aab__temp0.60__seed7,0.10017546933787677,0.8888888888888888
deepseek_r1_distill_1p5b__gsm8k_train_00125_484d3aab__temp1.00__seed7,0.14978047258631394,0.9523809523809524
deepseek_r1_distill_1p5b__gsm8k_train_00126_5c93c15c__temp0.10__seed7,0.2250691459740934,0.33333333333333337
deepseek_r1_distill_1p5b__gsm8k_train_00126_5c93c15c__temp0.60__seed7,0.16898644750707778,
deepseek_r1_distill_1p5b__gsm8k_train_00126_5c93c15c__temp1.00__seed7,0.2073091631120661,
deepseek_r1_distill_1p5b__gsm8k_train_00127_7b9040bd__temp0.10__seed7,0.21928729031421218,0.75
deepseek_r1_distill_1p5b__gsm8k_train_00127_7b9040bd__temp0.60__seed7,0.21161954593846258,0.75
deepseek_r1_distill_1p5b__gsm8k_train_00127_7b9040bd__temp1.00__seed7,0.2194306062444728,0.6666666666666666
deepseek_r1_distill_1p5b__gsm8k_train_00128_47ebf5c6__temp0.10__seed7,0.32160538418890633,
deepseek_r1_distill_1p5b__gsm8k_train_00128_47ebf5c6__temp0.60__seed7,0.2506579165530026,0.0
deepseek_r1_distill_1p5b__gsm8k_train_00128_47ebf5c6__temp1.00__seed7,0.21473336445297525,0.8333333333333334
deepseek_r1_distill_1p5b__gsm8k_train_00129_c31ed05e__temp0.10__seed7,0.2952311140280897,
deepseek_r1_distill_1p5b__gsm8k_train_00129_c31ed05e__temp0.60__seed7,0.23385323566160965,0.7777777777777778
deepseek_r1_distill_1p5b__gsm8k_train_00129_c31ed05e__temp1.00__seed7,0.1791723395154759,
deepseek_r1_distill_1p5b__gsm8k_train_00130_75dd171f__temp0.10__seed7,0.2373821549915034,0.45833333333333337
deepseek_r1_distill_1p5b__gsm8k_train_00130_75dd171f__temp0.60__seed7,0.2986595175487635,0.25
deepseek_r1_distill_1p5b__gsm8k_train_00130_75dd171f__temp1.00__seed7,0.2189299194764076,0.6666666666666667
deepseek_r1_distill_1p5b__gsm8k_train_00131_92ea4226__temp0.10__seed7,0.15124863810153194,
deepseek_r1_distill_1p5b__gsm8k_train_00131_92ea4226__temp0.60__seed7,0.26443792580884795,0.6666666666666667
deepseek_r1_distill_1p5b__gsm8k_train_00131_92ea4226__temp1.00__seed7,0.20583271285842084,
deepseek_r1_distill_1p5b__gsm8k_train_00132_97d4fa7f__temp0.10__seed7,0.22456539064663428,
deepseek_r1_distill_1p5b__gsm8k_train_00132_97d4fa7f__temp0.60__seed7,0.19586164264789258,0.5555555555555556
deepseek_r1_distill_1p5b__gsm8k_train_00132_97d4fa7f__temp1.00__seed7,0.20974527698637085,
deepseek_r1_distill_1p5b__gsm8k_train_00133_8d0b2ca9__temp0.10__seed7,0.16389953789936235,1.0
deepseek_r1_distill_1p5b__gsm8k_train_00133_8d0b2ca9__temp0.60__seed7,0.1897356963118373,0.8571428571428571
deepseek_r1_distill_1p5b__gsm8k_train_00133_8d0b2ca9__temp1.00__seed7,0.1891714319424616,0.8333333333333334
deepseek_r1_distill_1p5b__gsm8k_train_00134_0775ef2d__temp0.10__seed7,0.1732217829693518,0.8095238095238095
deepseek_r1_distill_1p5b__gsm8k_train_00134_0775ef2d__temp0.60__seed7,0.2921059750395774,0.5416666666666667
deepseek_r1_distill_1p5b__gsm8k_train_00134_0775ef2d__temp1.00__seed7,0.30068712180496787,0.4444444444444444
deepseek_r1_distill_1p5b__gsm8k_train_00135_f0b99c1b__temp0.10__seed7,0.1841194981988271,0.9523809523809524
deepseek_r1_distill_1p5b__gsm8k_train_00135_f0b99c1b__temp0.60__seed7,0.18691501401919566,0.8095238095238095
deepseek_r1_distill_1p5b__gsm8k_train_00135_f0b99c1b__temp1.00__seed7,0.1336540792923591,
deepseek_r1_distill_1p5b__gsm8k_train_00136_5922bf98__temp0.10__seed7,0.164286061046185,0.8571428571428571
deepseek_r1_distill_1p5b__gsm8k_train_00136_5922bf98__temp0.60__seed7,0.14671985532443516,0.4444444444444444
deepseek_r1_distill_1p5b__gsm8k_train_00136_5922bf98__temp1.00__seed7,0.29943716203282145,0.1904761904761905
deepseek_r1_distill_1p5b__gsm8k_train_00137_5ab5639d__temp0.10__seed7,0.19675387603737918,0.4444444444444444
deepseek_r1_distill_1p5b__gsm8k_train_00137_5ab5639d__temp0.60__seed7,0.21624598841663642,
deepseek_r1_distill_1p5b__gsm8k_train_00137_5ab5639d__temp1.00__seed7,0.14354784492589318,1.0
deepseek_r1_distill_1p5b__gsm8k_train_00138_96a94a19__temp0.10__seed7,0.2141385624960789,
deepseek_r1_distill_1p5b__gsm8k_train_00138_96a94a19__temp0.60__seed7,0.21132900938214538,
deepseek_r1_distill_1p5b__gsm8k_train_00138_96a94a19__temp1.00__seed7,0.19307358598094898,
deepseek_r1_distill_1p5b__gsm8k_train_00139_8d762338__temp0.10__seed7,0.3193318189549881,
deepseek_r1_distill_1p5b__gsm8k_train_00139_8d762338__temp0.60__seed7,0.22159543245785315,0.6875
deepseek_r1_distill_1p5b__gsm8k_train_00139_8d762338__temp1.00__seed7,0.2598490771512936,0.0
deepseek_r1_distill_1p5b__gsm8k_train_00140_55a37f13__temp0.10__seed7,0.2088984330845658,0.6666666666666667
deepseek_r1_distill_1p5b__gsm8k_train_00140_55a37f13__temp0.60__seed7,0.18664787644314776,
deepseek_r1_distill_1p5b__gsm8k_train_00140_55a37f13__temp1.00__seed7,0.1498808510875304,0.5555555555555556
deepseek_r1_distill_1p5b__gsm8k_train_00141_a5275925__temp0.10__seed7,0.196456023400698,
deepseek_r1_distill_1p5b__gsm8k_train_00141_a5275925__temp0.60__seed7,0.21117484636305744,0.3125
deepseek_r1_distill_1p5b__gsm8k_train_00141_a5275925__temp1.00__seed7,0.2175633055413888,
deepseek_r1_distill_1p5b__gsm8k_train_00142_534ffd84__temp0.10__seed7,0.2022963424725312,0.6666666666666667
deepseek_r1_distill_1p5b__gsm8k_train_00142_534ffd84__temp0.60__seed7,0.2201105435516753,
deepseek_r1_distill_1p5b__gsm8k_train_00142_534ffd84__temp1.00__seed7,0.16649629978842567,1.0
deepseek_r1_distill_1p5b__gsm8k_train_00143_b52213e4__temp0.10__seed7,0.21093088329713142,0.7142857142857142
deepseek_r1_distill_1p5b__gsm8k_train_00143_b52213e4__temp0.60__seed7,0.15203747446113056,0.8888888888888888
deepseek_r1_distill_1p5b__gsm8k_train_00143_b52213e4__temp1.00__seed7,0.2083312460527754,0.5833333333333333
deepseek_r1_distill_1p5b__gsm8k_train_00144_db61f2fd__temp0.10__seed7,0.293153941340078,0.125
deepseek_r1_distill_1p5b__gsm8k_train_00144_db61f2fd__temp0.60__seed7,0.26670614513473534,0.375
deepseek_r1_distill_1p5b__gsm8k_train_00144_db61f2fd__temp1.00__seed7,0.17577470359586028,0.7619047619047619
deepseek_r1_distill_1p5b__gsm8k_train_00145_63fdba4d__temp0.10__seed7,0.2629486238639502,0.33333333333333337
deepseek_r1_distill_1p5b__gsm8k_train_00145_63fdba4d__temp0.60__seed7,0.24565761213590553,0.7500000000000001
deepseek_r1_distill_1p5b__gsm8k_train_00145_63fdba4d__temp1.00__seed7,0.20411198976813666,0.75
deepseek_r1_distill_1p5b__gsm8k_train_00146_84b32c93__temp0.10__seed7,0.22274056849807183,0.0
deepseek_r1_distill_1p5b__gsm8k_train_00146_84b32c93__temp0.60__seed7,0.36468107763151014,0.0
deepseek_r1_distill_1p5b__gsm8k_train_00146_84b32c93__temp1.00__seed7,0.1823886181317983,
deepseek_r1_distill_1p5b__gsm8k_train_00147_986fd9cb__temp0.10__seed7,0.3055847230693774,
deepseek_r1_distill_1p5b__gsm8k_train_00147_986fd9cb__temp0.60__seed7,0.2573448482465345,0.5
deepseek_r1_distill_1p5b__gsm8k_train_00147_986fd9cb__temp1.00__seed7,0.2643927584446512,0.5625
deepseek_r1_distill_1p5b__gsm8k_train_00148_063dff44__temp0.10__seed7,0.17438425439116667,
deepseek_r1_distill_1p5b__gsm8k_train_00148_063dff44__temp0.60__seed7,0.33485121616028407,0.4444444444444444
deepseek_r1_distill_1p5b__gsm8k_train_00148_063dff44__temp1.00__seed7,0.29863644185667987,0.1875
deepseek_r1_distill_1p5b__gsm8k_train_00149_3771c034__temp0.10__seed7,0.16754603847619784,0.8571428571428571
deepseek_r1_distill_1p5b__gsm8k_train_00149_3771c034__temp0.60__seed7,0.25873877638219156,0.4
deepseek_r1_distill_1p5b__gsm8k_train_00149_3771c034__temp1.00__seed7,0.19985020920697788,0.7619047619047619
deepseek_r1_distill_1p5b__gsm8k_train_00150_e22b1bdf__temp0.10__seed7,0.20510972149592438,0.76
deepseek_r1_distill_1p5b__gsm8k_train_00150_e22b1bdf__temp0.60__seed7,0.27988150417229035,0.48
deepseek_r1_distill_1p5b__gsm8k_train_00150_e22b1bdf__temp1.00__seed7,0.24509542680282337,0.625
deepseek_r1_distill_1p5b__gsm8k_train_00151_4bb7eefb__temp0.10__seed7,0.1736970956920996,0.875
deepseek_r1_distill_1p5b__gsm8k_train_00151_4bb7eefb__temp0.60__seed7,0.12691186064710924,1.0
deepseek_r1_distill_1p5b__gsm8k_train_00151_4bb7eefb__temp1.00__seed7,0.1392399538970543,1.0
deepseek_r1_distill_1p5b__gsm8k_train_00152_2cb74a26__temp0.10__seed7,0.26571008556396,0.4444444444444444
deepseek_r1_distill_1p5b__gsm8k_train_00152_2cb74a26__temp0.60__seed7,0.18251688894947699,0.9166666666666667
deepseek_r1_distill_1p5b__gsm8k_train_00152_2cb74a26__temp1.00__seed7,0.24946139557731906,0.33333333333333337
deepseek_r1_distill_1p5b__gsm8k_train_00153_afb1af8f__temp0.10__seed7,0.23348183053421362,
deepseek_r1_distill_1p5b__gsm8k_train_00153_afb1af8f__temp0.60__seed7,0.24225304413862275,
deepseek_r1_distill_1p5b__gsm8k_train_00153_afb1af8f__temp1.00__seed7,0.2636081594408136,0.1875
deepseek_r1_distill_1p5b__gsm8k_train_00154_a9b9e3d8__temp0.10__seed7,0.13387729877428106,0.8888888888888888
deepseek_r1_distill_1p5b__gsm8k_train_00154_a9b9e3d8__temp0.60__seed7,0.14639759899589988,0.8888888888888888
deepseek_r1_distill_1p5b__gsm8k_train_00154_a9b9e3d8__temp1.00__seed7,0.23145622155285098,0.7142857142857144
deepseek_r1_distill_1p5b__gsm8k_train_00155_4c8b7c96__temp0.10__seed7,0.1902610652330041,
deepseek_r1_distill_1p5b__gsm8k_train_00155_4c8b7c96__temp0.60__seed7,0.28274960889842704,
deepseek_r1_distill_1p5b__gsm8k_train_00155_4c8b7c96__temp1.00__seed7,0.2153668409099337,
deepseek_r1_distill_1p5b__gsm8k_train_00156_daa5c92b__temp0.10__seed7,0.267991599084117,0.5
deepseek_r1_distill_1p5b__gsm8k_train_00156_daa5c92b__temp0.60__seed7,0.18776799769428143,0.75
deepseek_r1_distill_1p5b__gsm8k_train_00156_daa5c92b__temp1.00__seed7,0.20076031297798505,0.75
deepseek_r1_distill_1p5b__gsm8k_train_00157_2b8c0bdc__temp0.10__seed7,0.2620782088343682,0.5555555555555556
deepseek_r1_distill_1p5b__gsm8k_train_00157_2b8c0bdc__temp0.60__seed7,0.24756735400893834,0.47619047619047616
deepseek_r1_distill_1p5b__gsm8k_train_00157_2b8c0bdc__temp1.00__seed7,0.21932786886064215,0.5625
deepseek_r1_distill_1p5b__gsm8k_train_00158_e62259b6__temp0.10__seed7,0.22517099120466919,0.5833333333333334
deepseek_r1_distill_1p5b__gsm8k_train_00158_e62259b6__temp0.60__seed7,0.19903270559359337,0.7619047619047619
deepseek_r1_distill_1p5b__gsm8k_train_00158_e62259b6__temp1.00__seed7,0.20226072531772332,0.8400000000000001
deepseek_r1_distill_1p5b__gsm8k_train_00159_aaf4fb3e__temp0.10__seed7,0.18734228372465106,0.6875
deepseek_r1_distill_1p5b__gsm8k_train_00159_aaf4fb3e__temp0.60__seed7,0.21455426195031996,0.75
deepseek_r1_distill_1p5b__gsm8k_train_00159_aaf4fb3e__temp1.00__seed7,0.18321749485589223,0.875
deepseek_r1_distill_1p5b__gsm8k_train_00160_e3ca64fa__temp0.10__seed7,0.25342903867291555,
deepseek_r1_distill_1p5b__gsm8k_train_00160_e3ca64fa__temp0.60__seed7,0.27743121523412473,
deepseek_r1_distill_1p5b__gsm8k_train_00160_e3ca64fa__temp1.00__seed7,0.20318821329110284,
deepseek_r1_distill_1p5b__gsm8k_train_00161_c9030195__temp0.10__seed7,0.23953823238622513,
deepseek_r1_distill_1p5b__gsm8k_train_00161_c9030195__temp0.60__seed7,0.2257515623592074,
deepseek_r1_distill_1p5b__gsm8k_train_00161_c9030195__temp1.00__seed7,0.2202764747187625,
deepseek_r1_distill_1p5b__gsm8k_train_00162_c635097b__temp0.10__seed7,0.21316624076815502,0.5833333333333334
deepseek_r1_distill_1p5b__gsm8k_train_00162_c635097b__temp0.60__seed7,0.14461591056213657,0.8888888888888888
deepseek_r1_distill_1p5b__gsm8k_train_00162_c635097b__temp1.00__seed7,0.17803285804011776,0.8125
deepseek_r1_distill_1p5b__gsm8k_train_00163_8e8be5fe__temp0.10__seed7,0.2801522786853211,0.42857142857142855
deepseek_r1_distill_1p5b__gsm8k_train_00163_8e8be5fe__temp0.60__seed7,0.23969208820070748,0.625
deepseek_r1_distill_1p5b__gsm8k_train_00163_8e8be5fe__temp1.00__seed7,0.21871698657734853,0.6190476190476191
deepseek_r1_distill_1p5b__gsm8k_train_00164_04e62ecd__temp0.10__seed7,0.24855992913607525,0.33333333333333337
deepseek_r1_distill_1p5b__gsm8k_train_00164_04e62ecd__temp0.60__seed7,0.2213846501674915,0.5416666666666667
deepseek_r1_distill_1p5b__gsm8k_train_00164_04e62ecd__temp1.00__seed7,0.22471700853066437,0.6000000000000001
deepseek_r1_distill_1p5b__gsm8k_train_00165_3ec73ad9__temp0.10__seed7,0.18223038510253078,
deepseek_r1_distill_1p5b__gsm8k_train_00165_3ec73ad9__temp0.60__seed7,0.13832223522355386,
deepseek_r1_distill_1p5b__gsm8k_train_00165_3ec73ad9__temp1.00__seed7,0.12230997211139627,
deepseek_r1_distill_1p5b__gsm8k_train_00166_99f3474a__temp0.10__seed7,0.3265809321187755,
deepseek_r1_distill_1p5b__gsm8k_train_00166_99f3474a__temp0.60__seed7,0.17216775391516187,
deepseek_r1_distill_1p5b__gsm8k_train_00166_99f3474a__temp1.00__seed7,0.28801603807849496,
deepseek_r1_distill_1p5b__gsm8k_train_00167_37f9f1d6__temp0.10__seed7,0.2724925741671246,0.6190476190476191
deepseek_r1_distill_1p5b__gsm8k_train_00167_37f9f1d6__temp0.60__seed7,0.266485305446207,0.5
deepseek_r1_distill_1p5b__gsm8k_train_00167_37f9f1d6__temp1.00__seed7,0.15340314208226813,0.8888888888888888
deepseek_r1_distill_1p5b__gsm8k_train_00168_70ab7e53__temp0.10__seed7,0.2955481901166535,0.3333333333333333
deepseek_r1_distill_1p5b__gsm8k_train_00168_70ab7e53__temp0.60__seed7,0.21975682903002403,0.7083333333333334
deepseek_r1_distill_1p5b__gsm8k_train_00168_70ab7e53__temp1.00__seed7,0.20138330732246698,0.7619047619047619
deepseek_r1_distill_1p5b__gsm8k_train_00169_747e8aa0__temp0.10__seed7,0.2358856407461062,0.56
deepseek_r1_distill_1p5b__gsm8k_train_00169_747e8aa0__temp0.60__seed7,0.28838555455510945,0.41666666666666663
deepseek_r1_distill_1p5b__gsm8k_train_00169_747e8aa0__temp1.00__seed7,0.2640083465001596,0.4285714285714286
deepseek_r1_distill_1p5b__gsm8k_train_00170_2924103d__temp0.10__seed7,0.18646248338751048,0.9600000000000001
deepseek_r1_distill_1p5b__gsm8k_train_00170_2924103d__temp0.60__seed7,0.2044633287095797,0.7916666666666667
deepseek_r1_distill_1p5b__gsm8k_train_00170_2924103d__temp1.00__seed7,0.2049148068140972,0.5625
deepseek_r1_distill_1p5b__gsm8k_train_00171_c0bf1711__temp0.10__seed7,0.33681897257173093,
deepseek_r1_distill_1p5b__gsm8k_train_00171_c0bf1711__temp0.60__seed7,0.2138434748583729,
deepseek_r1_distill_1p5b__gsm8k_train_00171_c0bf1711__temp1.00__seed7,0.22433639646967576,
deepseek_r1_distill_1p5b__gsm8k_train_00172_44814345__temp0.10__seed7,0.4219543445164738,
deepseek_r1_distill_1p5b__gsm8k_train_00172_44814345__temp0.60__seed7,0.32996514618912043,
deepseek_r1_distill_1p5b__gsm8k_train_00172_44814345__temp1.00__seed7,0.2694524504179114,0.5625
deepseek_r1_distill_1p5b__gsm8k_train_00173_be809155__temp0.10__seed7,0.23178497478027155,
deepseek_r1_distill_1p5b__gsm8k_train_00173_be809155__temp0.60__seed7,0.20250344370276938,
deepseek_r1_distill_1p5b__gsm8k_train_00173_be809155__temp1.00__seed7,0.2397202782474243,0.5555555555555556
deepseek_r1_distill_1p5b__gsm8k_train_00174_1e0c256b__temp0.10__seed7,0.2152108008456058,0.6800000000000002
deepseek_r1_distill_1p5b__gsm8k_train_00174_1e0c256b__temp0.60__seed7,0.15157469153038472,1.0
deepseek_r1_distill_1p5b__gsm8k_train_00174_1e0c256b__temp1.00__seed7,0.2329175009076389,0.7619047619047619
deepseek_r1_distill_1p5b__gsm8k_train_00175_0873326a__temp0.10__seed7,0.4893688533413413,
deepseek_r1_distill_1p5b__gsm8k_train_00175_0873326a__temp0.60__seed7,0.24865225645633485,
deepseek_r1_distill_1p5b__gsm8k_train_00175_0873326a__temp1.00__seed7,0.25538562997732106,0.6875
deepseek_r1_distill_1p5b__gsm8k_train_00176_719d94bb__temp0.10__seed7,0.16789508661195424,0.8095238095238095
deepseek_r1_distill_1p5b__gsm8k_train_00176_719d94bb__temp0.60__seed7,0.14570814326069298,1.0
deepseek_r1_distill_1p5b__gsm8k_train_00176_719d94bb__temp1.00__seed7,0.31105790377279574,0.0
deepseek_r1_distill_1p5b__gsm8k_train_00177_0a2eb591__temp0.10__seed7,0.28733261427652956,
deepseek_r1_distill_1p5b__gsm8k_train_00177_0a2eb591__temp0.60__seed7,0.3279494257515929,
deepseek_r1_distill_1p5b__gsm8k_train_00177_0a2eb591__temp1.00__seed7,0.2617923799341936,0.3125
deepseek_r1_distill_1p5b__gsm8k_train_00178_64a3b80d__temp0.10__seed7,0.18634351522175435,
deepseek_r1_distill_1p5b__gsm8k_train_00178_64a3b80d__temp0.60__seed7,0.26816053908955906,
deepseek_r1_distill_1p5b__gsm8k_train_00178_64a3b80d__temp1.00__seed7,0.23949867370942873,0.0
deepseek_r1_distill_1p5b__gsm8k_train_00179_57585b14__temp0.10__seed7,0.12367825624475264,
deepseek_r1_distill_1p5b__gsm8k_train_00179_57585b14__temp0.60__seed7,0.05259517465879262,
deepseek_r1_distill_1p5b__gsm8k_train_00179_57585b14__temp1.00__seed7,0.15499646082341773,1.0
deepseek_r1_distill_1p5b__gsm8k_train_00180_7346e14b__temp0.10__seed7,0.24488019254004087,0.3333333333333333
deepseek_r1_distill_1p5b__gsm8k_train_00180_7346e14b__temp0.60__seed7,0.2712910971485031,0.36
deepseek_r1_distill_1p5b__gsm8k_train_00180_7346e14b__temp1.00__seed7,0.11887192677891625,1.0
deepseek_r1_distill_1p5b__gsm8k_train_00181_f87f92a8__temp0.10__seed7,0.25835071970111334,
deepseek_r1_distill_1p5b__gsm8k_train_00181_f87f92a8__temp0.60__seed7,0.21874966943129487,
deepseek_r1_distill_1p5b__gsm8k_train_00181_f87f92a8__temp1.00__seed7,0.24189055297405754,
deepseek_r1_distill_1p5b__gsm8k_train_00182_2eae6ce0__temp0.10__seed7,0.2860011296122127,
deepseek_r1_distill_1p5b__gsm8k_train_00182_2eae6ce0__temp0.60__seed7,0.28955611508587437,0.4444444444444444
deepseek_r1_distill_1p5b__gsm8k_train_00182_2eae6ce0__temp1.00__seed7,0.16469440796453877,0.8888888888888888
deepseek_r1_distill_1p5b__gsm8k_train_00183_6bbc3c67__temp0.10__seed7,0.14598135301494308,
deepseek_r1_distill_1p5b__gsm8k_train_00183_6bbc3c67__temp0.60__seed7,0.1245671651817832,
deepseek_r1_distill_1p5b__gsm8k_train_00183_6bbc3c67__temp1.00__seed7,0.12091083438290458,
deepseek_r1_distill_1p5b__gsm8k_train_00184_ea542884__temp0.10__seed7,0.21469728423177928,0.5714285714285714
deepseek_r1_distill_1p5b__gsm8k_train_00184_ea542884__temp0.60__seed7,0.27357062593189774,0.47619047619047616
deepseek_r1_distill_1p5b__gsm8k_train_00184_ea542884__temp1.00__seed7,0.15932717887260986,
deepseek_r1_distill_1p5b__gsm8k_train_00185_f5fac061__temp0.10__seed7,0.2633035484947287,
deepseek_r1_distill_1p5b__gsm8k_train_00185_f5fac061__temp0.60__seed7,0.24629065157857738,0.38095238095238093
deepseek_r1_distill_1p5b__gsm8k_train_00185_f5fac061__temp1.00__seed7,0.16987334612695076,0.9047619047619048
deepseek_r1_distill_1p5b__gsm8k_train_00186_af04022d__temp0.10__seed7,0.27796645698336486,0.25
deepseek_r1_distill_1p5b__gsm8k_train_00186_af04022d__temp0.60__seed7,0.2925433296617363,0.45833333333333337
deepseek_r1_distill_1p5b__gsm8k_train_00186_af04022d__temp1.00__seed7,0.22505900504702686,0.6666666666666667
deepseek_r1_distill_1p5b__gsm8k_train_00187_2192eb08__temp0.10__seed7,0.12878868406199184,1.0
deepseek_r1_distill_1p5b__gsm8k_train_00187_2192eb08__temp0.60__seed7,0.15844918777245343,0.8888888888888888
deepseek_r1_distill_1p5b__gsm8k_train_00187_2192eb08__temp1.00__seed7,0.16125677781554087,
deepseek_r1_distill_1p5b__gsm8k_train_00188_e8608578__temp0.10__seed7,0.42398691327592586,
deepseek_r1_distill_1p5b__gsm8k_train_00188_e8608578__temp0.60__seed7,0.3127497065866418,
deepseek_r1_distill_1p5b__gsm8k_train_00188_e8608578__temp1.00__seed7,0.22227769871632916,
deepseek_r1_distill_1p5b__gsm8k_train_00189_96b03f19__temp0.10__seed7,0.3011262290349787,
deepseek_r1_distill_1p5b__gsm8k_train_00189_96b03f19__temp0.60__seed7,0.1587125117344051,0.2222222222222222
deepseek_r1_distill_1p5b__gsm8k_train_00189_96b03f19__temp1.00__seed7,0.15402404968703984,0.7777777777777778
deepseek_r1_distill_1p5b__gsm8k_train_00190_c700b815__temp0.10__seed7,0.24169192553113766,
deepseek_r1_distill_1p5b__gsm8k_train_00190_c700b815__temp0.60__seed7,0.26117261844621603,0.4444444444444444
deepseek_r1_distill_1p5b__gsm8k_train_00190_c700b815__temp1.00__seed7,0.15271311026156487,0.8888888888888888
deepseek_r1_distill_1p5b__gsm8k_train_00191_bf2b3508__temp0.10__seed7,0.15338502226213208,
deepseek_r1_distill_1p5b__gsm8k_train_00191_bf2b3508__temp0.60__seed7,0.24969958270571402,
deepseek_r1_distill_1p5b__gsm8k_train_00191_bf2b3508__temp1.00__seed7,0.21576578669623542,
deepseek_r1_distill_1p5b__gsm8k_train_00192_a2a05a17__temp0.10__seed7,0.1338017580100272,0.8888888888888888
deepseek_r1_distill_1p5b__gsm8k_train_00192_a2a05a17__temp0.60__seed7,0.16694913883385432,0.8571428571428571
deepseek_r1_distill_1p5b__gsm8k_train_00192_a2a05a17__temp1.00__seed7,0.1904716551456921,0.8095238095238095
deepseek_r1_distill_1p5b__gsm8k_train_00193_316cb5a7__temp0.10__seed7,0.33307584544201424,
deepseek_r1_distill_1p5b__gsm8k_train_00193_316cb5a7__temp0.60__seed7,0.20243112031742244,
deepseek_r1_distill_1p5b__gsm8k_train_00193_316cb5a7__temp1.00__seed7,0.2458276709812433,
deepseek_r1_distill_1p5b__gsm8k_train_00194_fc7b694e__temp0.10__seed7,0.2546697055305854,0.6666666666666667
deepseek_r1_distill_1p5b__gsm8k_train_00194_fc7b694e__temp0.60__seed7,0.19397320239186314,
deepseek_r1_distill_1p5b__gsm8k_train_00194_fc7b694e__temp1.00__seed7,0.20101550720980343,0.6666666666666667
deepseek_r1_distill_1p5b__gsm8k_train_00195_f6ba9480__temp0.10__seed7,0.24223307471962346,0.33333333333333337
deepseek_r1_distill_1p5b__gsm8k_train_00195_f6ba9480__temp0.60__seed7,0.20326739859144652,
deepseek_r1_distill_1p5b__gsm8k_train_00195_f6ba9480__temp1.00__seed7,0.21423379118691072,
deepseek_r1_distill_1p5b__gsm8k_train_00196_4822538e__temp0.10__seed7,0.22600930191422094,0.4444444444444444
deepseek_r1_distill_1p5b__gsm8k_train_00196_4822538e__temp0.60__seed7,0.1515020254287135,0.92
deepseek_r1_distill_1p5b__gsm8k_train_00196_4822538e__temp1.00__seed7,0.14708839558892323,0.5555555555555556
deepseek_r1_distill_1p5b__gsm8k_train_00197_f5b62414__temp0.10__seed7,0.21758036832524344,
deepseek_r1_distill_1p5b__gsm8k_train_00197_f5b62414__temp0.60__seed7,0.16456483796680563,
deepseek_r1_distill_1p5b__gsm8k_train_00197_f5b62414__temp1.00__seed7,0.27710410101292726,
deepseek_r1_distill_1p5b__gsm8k_train_00198_116d0b0b__temp0.10__seed7,0.160962727333385,0.625
deepseek_r1_distill_1p5b__gsm8k_train_00198_116d0b0b__temp0.60__seed7,0.2621991597504064,0.625
deepseek_r1_distill_1p5b__gsm8k_train_00198_116d0b0b__temp1.00__seed7,0.27131986192907237,0.4761904761904762
deepseek_r1_distill_1p5b__gsm8k_train_00199_b1cae179__temp0.10__seed7,0.22385360268282511,
deepseek_r1_distill_1p5b__gsm8k_train_00199_b1cae179__temp0.60__seed7,0.17258051325674534,0.8333333333333334
deepseek_r1_distill_1p5b__gsm8k_train_00199_b1cae179__temp1.00__seed7,0.21843888972349973,0.7083333333333334
deepseek_r1_distill_1p5b__gsm8k_train_00200_86d3b46e__temp0.10__seed7,0.20837039338641813,
deepseek_r1_distill_1p5b__gsm8k_train_00200_86d3b46e__temp0.60__seed7,0.16671794846929552,0.4444444444444444
deepseek_r1_distill_1p5b__gsm8k_train_00200_86d3b46e__temp1.00__seed7,0.06505739494043047,
deepseek_r1_distill_1p5b__gsm8k_train_00201_88e5b94e__temp0.10__seed7,0.21845710827467113,0.7619047619047619
deepseek_r1_distill_1p5b__gsm8k_train_00201_88e5b94e__temp0.60__seed7,0.1624653265063708,0.5555555555555556
deepseek_r1_distill_1p5b__gsm8k_train_00201_88e5b94e__temp1.00__seed7,0.21407566685155519,0.6666666666666667
deepseek_r1_distill_1p5b__gsm8k_train_00202_ef524e01__temp0.10__seed7,0.26284604311192306,0.2857142857142857
deepseek_r1_distill_1p5b__gsm8k_train_00202_ef524e01__temp0.60__seed7,0.22524536540522105,
deepseek_r1_distill_1p5b__gsm8k_train_00202_ef524e01__temp1.00__seed7,0.1693642473574807,
deepseek_r1_distill_1p5b__gsm8k_train_00203_70f13d8d__temp0.10__seed7,0.1444539540953376,0.4444444444444444
deepseek_r1_distill_1p5b__gsm8k_train_00203_70f13d8d__temp0.60__seed7,0.22291622208287243,
deepseek_r1_distill_1p5b__gsm8k_train_00203_70f13d8d__temp1.00__seed7,0.2542079246698612,
deepseek_r1_distill_1p5b__gsm8k_train_00204_6479a9b2__temp0.10__seed7,0.34686382761459755,
deepseek_r1_distill_1p5b__gsm8k_train_00204_6479a9b2__temp0.60__seed7,0.18746546023030763,0.8125
deepseek_r1_distill_1p5b__gsm8k_train_00204_6479a9b2__temp1.00__seed7,0.13272297306570974,
deepseek_r1_distill_1p5b__gsm8k_train_00205_57eaa488__temp0.10__seed7,0.279072712338673,
deepseek_r1_distill_1p5b__gsm8k_train_00205_57eaa488__temp0.60__seed7,0.15467977109865844,
deepseek_r1_distill_1p5b__gsm8k_train_00205_57eaa488__temp1.00__seed7,0.20117094692929097,
deepseek_r1_distill_1p5b__gsm8k_train_00206_a81f9c02__temp0.10__seed7,0.17960543818803315,
deepseek_r1_distill_1p5b__gsm8k_train_00206_a81f9c02__temp0.60__seed7,0.2539456550622816,
deepseek_r1_distill_1p5b__gsm8k_train_00206_a81f9c02__temp1.00__seed7,0.24852025943940376,0.1875
deepseek_r1_distill_1p5b__gsm8k_train_00207_003dddd0__temp0.10__seed7,0.32735954157535424,0.0
deepseek_r1_distill_1p5b__gsm8k_train_00207_003dddd0__temp0.60__seed7,0.22577609525519757,0.8
deepseek_r1_distill_1p5b__gsm8k_train_00207_003dddd0__temp1.00__seed7,0.25532297895601014,0.6190476190476191
deepseek_r1_distill_1p5b__gsm8k_train_00208_0a589fae__temp0.10__seed7,0.20043512774471522,0.4444444444444444
deepseek_r1_distill_1p5b__gsm8k_train_00208_0a589fae__temp0.60__seed7,0.16916960404930986,0.9375
deepseek_r1_distill_1p5b__gsm8k_train_00208_0a589fae__temp1.00__seed7,0.1717805323737567,0.7777777777777778
deepseek_r1_distill_1p5b__gsm8k_train_00209_95c80176__temp0.10__seed7,0.16190360588474617,
deepseek_r1_distill_1p5b__gsm8k_train_00209_95c80176__temp0.60__seed7,0.19239909559447863,
deepseek_r1_distill_1p5b__gsm8k_train_00209_95c80176__temp1.00__seed7,0.29753029236629136,
deepseek_r1_distill_1p5b__gsm8k_train_00210_d6550c57__temp0.10__seed7,0.21191532783230516,
deepseek_r1_distill_1p5b__gsm8k_train_00210_d6550c57__temp0.60__seed7,0.18964884940489296,
deepseek_r1_distill_1p5b__gsm8k_train_00210_d6550c57__temp1.00__seed7,0.0819113498055332,
deepseek_r1_distill_1p5b__gsm8k_train_00211_c3c39b27__temp0.10__seed7,0.24614219233871362,0.52
deepseek_r1_distill_1p5b__gsm8k_train_00211_c3c39b27__temp0.60__seed7,0.23536503119913949,0.5714285714285714
deepseek_r1_distill_1p5b__gsm8k_train_00211_c3c39b27__temp1.00__seed7,0.23975223873365276,0.52
deepseek_r1_distill_1p5b__gsm8k_train_00212_553f7eb9__temp0.10__seed7,0.2342168658829229,0.6666666666666667
deepseek_r1_distill_1p5b__gsm8k_train_00212_553f7eb9__temp0.60__seed7,0.1620477640694299,
deepseek_r1_distill_1p5b__gsm8k_train_00212_553f7eb9__temp1.00__seed7,0.21487799823349296,
deepseek_r1_distill_1p5b__gsm8k_train_00213_de93700d__temp0.10__seed7,0.3319060422100334,0.19047619047619047
deepseek_r1_distill_1p5b__gsm8k_train_00213_de93700d__temp0.60__seed7,0.284556523131026,0.38095238095238093
deepseek_r1_distill_1p5b__gsm8k_train_00213_de93700d__temp1.00__seed7,0.23370532668728378,0.375
deepseek_r1_distill_1p5b__gsm8k_train_00214_1bd45727__temp0.10__seed7,0.1832853357125281,0.75
deepseek_r1_distill_1p5b__gsm8k_train_00214_1bd45727__temp0.60__seed7,0.25795405788119263,0.48
deepseek_r1_distill_1p5b__gsm8k_train_00214_1bd45727__temp1.00__seed7,0.24034477246593128,0.4375
deepseek_r1_distill_1p5b__gsm8k_train_00215_16f5d4da__temp0.10__seed7,0.2768133576335484,0.4375
deepseek_r1_distill_1p5b__gsm8k_train_00215_16f5d4da__temp0.60__seed7,0.24460893957365362,0.625
deepseek_r1_distill_1p5b__gsm8k_train_00215_16f5d4da__temp1.00__seed7,0.2031130856478771,0.7619047619047619
deepseek_r1_distill_1p5b__gsm8k_train_00216_04d03801__temp0.10__seed7,0.23628048251297756,0.5416666666666667
deepseek_r1_distill_1p5b__gsm8k_train_00216_04d03801__temp0.60__seed7,0.18802970492301951,0.75
deepseek_r1_distill_1p5b__gsm8k_train_00216_04d03801__temp1.00__seed7,0.2701163753556412,0.36
deepseek_r1_distill_1p5b__gsm8k_train_00217_c30f5981__temp0.10__seed7,0.17652144612772994,
deepseek_r1_distill_1p5b__gsm8k_train_00217_c30f5981__temp0.60__seed7,0.3405494741177567,0.2916666666666667
deepseek_r1_distill_1p5b__gsm8k_train_00217_c30f5981__temp1.00__seed7,0.2727486569539871,0.5714285714285714
deepseek_r1_distill_1p5b__gsm8k_train_00218_7ca306c2__temp0.10__seed7,0.2697508616699394,0.45833333333333326
deepseek_r1_distill_1p5b__gsm8k_train_00218_7ca306c2__temp0.60__seed7,0.3313770073423432,0.08333333333333331
deepseek_r1_distill_1p5b__gsm8k_train_00218_7ca306c2__temp1.00__seed7,0.19721498870468543,0.75
deepseek_r1_distill_1p5b__gsm8k_train_00219_5da8c9d5__temp0.10__seed7,0.23912999657246498,
deepseek_r1_distill_1p5b__gsm8k_train_00219_5da8c9d5__temp0.60__seed7,0.24051701411131937,
deepseek_r1_distill_1p5b__gsm8k_train_00219_5da8c9d5__temp1.00__seed7,0.21797455193162024,
deepseek_r1_distill_1p5b__gsm8k_train_00220_6b7eb356__temp0.10__seed7,0.13475067377119979,
deepseek_r1_distill_1p5b__gsm8k_train_00220_6b7eb356__temp0.60__seed7,0.4652979733667138,0.11111111111111116
deepseek_r1_distill_1p5b__gsm8k_train_00220_6b7eb356__temp1.00__seed7,0.17533340864464403,1.0
deepseek_r1_distill_1p5b__gsm8k_train_00221_918943c8__temp0.10__seed7,0.21643482611071274,0.7777777777777778
deepseek_r1_distill_1p5b__gsm8k_train_00221_918943c8__temp0.60__seed7,0.16146310663698457,
deepseek_r1_distill_1p5b__gsm8k_train_00221_918943c8__temp1.00__seed7,0.2601298313525736,0.3333333333333333
deepseek_r1_distill_1p5b__gsm8k_train_00222_534318ae__temp0.10__seed7,0.08780203577585617,
deepseek_r1_distill_1p5b__gsm8k_train_00222_534318ae__temp0.60__seed7,0.13345467525217497,1.0
deepseek_r1_distill_1p5b__gsm8k_train_00222_534318ae__temp1.00__seed7,0.1458554954643147,1.0
deepseek_r1_distill_1p5b__gsm8k_train_00223_82fdc86b__temp0.10__seed7,0.13752061045724462,1.0
deepseek_r1_distill_1p5b__gsm8k_train_00223_82fdc86b__temp0.60__seed7,0.32660399583016825,0.2857142857142857
deepseek_r1_distill_1p5b__gsm8k_train_00223_82fdc86b__temp1.00__seed7,0.19157478512135534,0.4444444444444444
deepseek_r1_distill_1p5b__gsm8k_train_00224_5b9ba692__temp0.10__seed7,0.2829043337537179,
deepseek_r1_distill_1p5b__gsm8k_train_00224_5b9ba692__temp0.60__seed7,0.2110311233032304,0.625
deepseek_r1_distill_1p5b__gsm8k_train_00224_5b9ba692__temp1.00__seed7,0.2603270635519336,
deepseek_r1_distill_1p5b__gsm8k_train_00225_eb4c19c6__temp0.10__seed7,0.11698791023720075,
deepseek_r1_distill_1p5b__gsm8k_train_00225_eb4c19c6__temp0.60__seed7,0.1828293297607743,0.8095238095238095
deepseek_r1_distill_1p5b__gsm8k_train_00225_eb4c19c6__temp1.00__seed7,0.21569542888671744,0.75
deepseek_r1_distill_1p5b__gsm8k_train_00226_39aa0b05__temp0.10__seed7,0.19279150640541445,0.75
deepseek_r1_distill_1p5b__gsm8k_train_00226_39aa0b05__temp0.60__seed7,0.2189063099897358,0.56
deepseek_r1_distill_1p5b__gsm8k_train_00226_39aa0b05__temp1.00__seed7,0.19856540934633105,0.8095238095238095
deepseek_r1_distill_1p5b__gsm8k_train_00227_74dc6fd7__temp0.10__seed7,0.28749877506884636,0.33333333333333337
deepseek_r1_distill_1p5b__gsm8k_train_00227_74dc6fd7__temp0.60__seed7,0.3187376184000504,
deepseek_r1_distill_1p5b__gsm8k_train_00227_74dc6fd7__temp1.00__seed7,0.2556317378674796,0.375
deepseek_r1_distill_1p5b__gsm8k_train_00228_fa209c1f__temp0.10__seed7,0.2705931053496122,0.375
deepseek_r1_distill_1p5b__gsm8k_train_00228_fa209c1f__temp0.60__seed7,0.28111931335137486,
deepseek_r1_distill_1p5b__gsm8k_train_00228_fa209c1f__temp1.00__seed7,0.34667432253337055,
deepseek_r1_distill_1p5b__gsm8k_train_00229_ee69cf41__temp0.10__seed7,0.13251413767473844,0.9047619047619049
deepseek_r1_distill_1p5b__gsm8k_train_00229_ee69cf41__temp0.60__seed7,0.26181523191670647,0.4583333333333333
deepseek_r1_distill_1p5b__gsm8k_train_00229_ee69cf41__temp1.00__seed7,0.17372582590182772,0.875
deepseek_r1_distill_1p5b__gsm8k_train_00230_6d66ebf2__temp0.10__seed7,0.22306068148892985,
deepseek_r1_distill_1p5b__gsm8k_train_00230_6d66ebf2__temp0.60__seed7,0.19703573116408227,
deepseek_r1_distill_1p5b__gsm8k_train_00230_6d66ebf2__temp1.00__seed7,0.1526619155562589,
deepseek_r1_distill_1p5b__gsm8k_train_00231_cedef501__temp0.10__seed7,0.25430939527415203,
deepseek_r1_distill_1p5b__gsm8k_train_00231_cedef501__temp0.60__seed7,0.28821195468369226,
deepseek_r1_distill_1p5b__gsm8k_train_00231_cedef501__temp1.00__seed7,0.20899467182508627,
deepseek_r1_distill_1p5b__gsm8k_train_00232_cc297bcb__temp0.10__seed7,0.3678393793233448,0.0
deepseek_r1_distill_1p5b__gsm8k_train_00232_cc297bcb__temp0.60__seed7,0.2264392730694338,0.8125
deepseek_r1_distill_1p5b__gsm8k_train_00232_cc297bcb__temp1.00__seed7,0.2809778641549511,0.0
deepseek_r1_distill_1p5b__gsm8k_train_00233_a24de4df__temp0.10__seed7,0.21276770973937037,
deepseek_r1_distill_1p5b__gsm8k_train_00233_a24de4df__temp0.60__seed7,0.22059830809938363,0.2222222222222222
deepseek_r1_distill_1p5b__gsm8k_train_00233_a24de4df__temp1.00__seed7,0.17438517140225568,0.75
deepseek_r1_distill_1p5b__gsm8k_train_00234_dec70119__temp0.10__seed7,0.2090461092483721,
deepseek_r1_distill_1p5b__gsm8k_train_00234_dec70119__temp0.60__seed7,0.20771451358388027,
deepseek_r1_distill_1p5b__gsm8k_train_00234_dec70119__temp1.00__seed7,0.19283845241365388,
deepseek_r1_distill_1p5b__gsm8k_train_00235_16021bf2__temp0.10__seed7,0.14096402626415958,0.8888888888888888
deepseek_r1_distill_1p5b__gsm8k_train_00235_16021bf2__temp0.60__seed7,0.23965384651390434,0.6666666666666666
deepseek_r1_distill_1p5b__gsm8k_train_00235_16021bf2__temp1.00__seed7,0.2213603304531758,0.8333333333333334
deepseek_r1_distill_1p5b__gsm8k_train_00236_88a38078__temp0.10__seed7,0.24422775586084913,0.7916666666666666
deepseek_r1_distill_1p5b__gsm8k_train_00236_88a38078__temp0.60__seed7,0.2076552574529904,0.3333333333333333
deepseek_r1_distill_1p5b__gsm8k_train_00236_88a38078__temp1.00__seed7,0.2637569202545176,0.625
deepseek_r1_distill_1p5b__gsm8k_train_00237_e53550f2__temp0.10__seed7,0.2674001355267826,
deepseek_r1_distill_1p5b__gsm8k_train_00237_e53550f2__temp0.60__seed7,0.2157702921904976,
deepseek_r1_distill_1p5b__gsm8k_train_00237_e53550f2__temp1.00__seed7,0.190022067385416,0.33333333333333337
deepseek_r1_distill_1p5b__gsm8k_train_00238_a8724a09__temp0.10__seed7,0.14547008001460146,1.0
deepseek_r1_distill_1p5b__gsm8k_train_00238_a8724a09__temp0.60__seed7,0.1476481748007251,1.0
deepseek_r1_distill_1p5b__gsm8k_train_00238_a8724a09__temp1.00__seed7,0.20943358255165276,0.8095238095238095
deepseek_r1_distill_1p5b__gsm8k_train_00239_be0432a3__temp0.10__seed7,0.26272290596889675,
deepseek_r1_distill_1p5b__gsm8k_train_00239_be0432a3__temp0.60__seed7,0.2262176234326058,
deepseek_r1_distill_1p5b__gsm8k_train_00239_be0432a3__temp1.00__seed7,0.259434191317316,
deepseek_r1_distill_1p5b__gsm8k_train_00240_e99722ca__temp0.10__seed7,0.17584285259389532,0.8095238095238095
deepseek_r1_distill_1p5b__gsm8k_train_00240_e99722ca__temp0.60__seed7,0.24038564086922998,0.6666666666666666
deepseek_r1_distill_1p5b__gsm8k_train_00240_e99722ca__temp1.00__seed7,0.2207276170868108,0.7083333333333333
deepseek_r1_distill_1p5b__gsm8k_train_00241_1f578d8b__temp0.10__seed7,0.15383967369201082,
deepseek_r1_distill_1p5b__gsm8k_train_00241_1f578d8b__temp0.60__seed7,0.20427504521610157,0.375
deepseek_r1_distill_1p5b__gsm8k_train_00241_1f578d8b__temp1.00__seed7,0.21028483556206012,0.6666666666666667
deepseek_r1_distill_1p5b__gsm8k_train_00242_ae567c96__temp0.10__seed7,0.20548917426928184,0.8333333333333334
deepseek_r1_distill_1p5b__gsm8k_train_00242_ae567c96__temp0.60__seed7,0.18080045348192303,0.625
deepseek_r1_distill_1p5b__gsm8k_train_00242_ae567c96__temp1.00__seed7,0.2249935556063701,0.125
deepseek_r1_distill_1p5b__gsm8k_train_00243_72ceeee9__temp0.10__seed7,0.3696623977153042,0.11111111111111116
deepseek_r1_distill_1p5b__gsm8k_train_00243_72ceeee9__temp0.60__seed7,0.33389653582189427,
deepseek_r1_distill_1p5b__gsm8k_train_00243_72ceeee9__temp1.00__seed7,0.2440086090599284,
deepseek_r1_distill_1p5b__gsm8k_train_00244_3afa39a0__temp0.10__seed7,0.25661128789196147,0.5625
deepseek_r1_distill_1p5b__gsm8k_train_00244_3afa39a0__temp0.60__seed7,0.2616811350221253,0.625
deepseek_r1_distill_1p5b__gsm8k_train_00244_3afa39a0__temp1.00__seed7,0.20825345624285546,0.6666666666666667
deepseek_r1_distill_1p5b__gsm8k_train_00245_9d0c6381__temp0.10__seed7,0.16302480077201664,1.0
deepseek_r1_distill_1p5b__gsm8k_train_00245_9d0c6381__temp0.60__seed7,0.20248917211752473,0.8571428571428572
deepseek_r1_distill_1p5b__gsm8k_train_00245_9d0c6381__temp1.00__seed7,0.18991382736754184,0.7916666666666667
deepseek_r1_distill_1p5b__gsm8k_train_00246_2893b455__temp0.10__seed7,0.20371080001782174,0.6190476190476191
deepseek_r1_distill_1p5b__gsm8k_train_00246_2893b455__temp0.60__seed7,0.17873273095297587,0.7619047619047619
deepseek_r1_distill_1p5b__gsm8k_train_00246_2893b455__temp1.00__seed7,0.19268585676356048,0.8
deepseek_r1_distill_1p5b__gsm8k_train_00247_75fad492__temp0.10__seed7,0.2981221265246724,0.5416666666666667
deepseek_r1_distill_1p5b__gsm8k_train_00247_75fad492__temp0.60__seed7,0.16189349806010492,0.8571428571428571
deepseek_r1_distill_1p5b__gsm8k_train_00247_75fad492__temp1.00__seed7,0.15970313558396163,0.92
deepseek_r1_distill_1p5b__gsm8k_train_00248_c4586363__temp0.10__seed7,0.1981042510525826,0.6666666666666666
deepseek_r1_distill_1p5b__gsm8k_train_00248_c4586363__temp0.60__seed7,0.2591189463680789,0.2222222222222222
deepseek_r1_distill_1p5b__gsm8k_train_00248_c4586363__temp1.00__seed7,0.16289030787581013,
deepseek_r1_distill_1p5b__gsm8k_train_00249_53256b7e__temp0.10__seed7,0.17680555219759467,0.9166666666666667
deepseek_r1_distill_1p5b__gsm8k_train_00249_53256b7e__temp0.60__seed7,0.26428807162336265,0.3333333333333333
deepseek_r1_distill_1p5b__gsm8k_train_00249_53256b7e__temp1.00__seed7,0.18992261303108085,0.7083333333333334
deepseek_r1_distill_1p5b__gsm8k_train_00250_52f63717__temp0.10__seed7,0.3090283248371246,
deepseek_r1_distill_1p5b__gsm8k_train_00250_52f63717__temp0.60__seed7,0.2699367306927646,0.2222222222222222
deepseek_r1_distill_1p5b__gsm8k_train_00250_52f63717__temp1.00__seed7,0.25293162650982376,
deepseek_r1_distill_1p5b__gsm8k_train_00251_6a00efba__temp0.10__seed7,0.1382466585686344,
deepseek_r1_distill_1p5b__gsm8k_train_00251_6a00efba__temp0.60__seed7,0.15008566538789475,0.2222222222222222
deepseek_r1_distill_1p5b__gsm8k_train_00251_6a00efba__temp1.00__seed7,0.08938300551229424,
deepseek_r1_distill_1p5b__gsm8k_train_00252_fa7c84f4__temp0.10__seed7,0.1567230823662499,0.8888888888888888
deepseek_r1_distill_1p5b__gsm8k_train_00252_fa7c84f4__temp0.60__seed7,0.216196247424325,0.6666666666666667
deepseek_r1_distill_1p5b__gsm8k_train_00252_fa7c84f4__temp1.00__seed7,0.17791337538498186,0.8800000000000001
deepseek_r1_distill_1p5b__gsm8k_train_00253_66aefa74__temp0.10__seed7,0.305142243868842,0.1904761904761905
deepseek_r1_distill_1p5b__gsm8k_train_00253_66aefa74__temp0.60__seed7,0.2677013731599232,0.38095238095238093
deepseek_r1_distill_1p5b__gsm8k_train_00253_66aefa74__temp1.00__seed7,0.12180946195657019,0.8888888888888888
deepseek_r1_distill_1p5b__gsm8k_train_00254_b24e02a5__temp0.10__seed7,0.23597276753271848,0.2222222222222222
deepseek_r1_distill_1p5b__gsm8k_train_00254_b24e02a5__temp0.60__seed7,0.3207763408262249,0.6666666666666667
deepseek_r1_distill_1p5b__gsm8k_train_00254_b24e02a5__temp1.00__seed7,0.24571388783784034,0.25
deepseek_r1_distill_1p5b__gsm8k_train_00255_f29b83f7__temp0.10__seed7,0.32008712602317047,0.41666666666666663
deepseek_r1_distill_1p5b__gsm8k_train_00255_f29b83f7__temp0.60__seed7,0.200949515156003,0.8571428571428572
deepseek_r1_distill_1p5b__gsm8k_train_00255_f29b83f7__temp1.00__seed7,0.2522667817191635,0.52
deepseek_r1_distill_1p5b__gsm8k_train_00256_e43dba3a__temp0.10__seed7,0.3914379044607728,0.2222222222222222
deepseek_r1_distill_1p5b__gsm8k_train_00256_e43dba3a__temp0.60__seed7,0.18012322536096836,0.8571428571428572
deepseek_r1_distill_1p5b__gsm8k_train_00256_e43dba3a__temp1.00__seed7,0.25164106264762454,0.47619047619047616
deepseek_r1_distill_1p5b__gsm8k_train_00257_b629f4b9__temp0.10__seed7,0.3054241627994745,0.38095238095238093
deepseek_r1_distill_1p5b__gsm8k_train_00257_b629f4b9__temp0.60__seed7,0.14447277835589548,1.0
deepseek_r1_distill_1p5b__gsm8k_train_00257_b629f4b9__temp1.00__seed7,0.17857414503613273,0.8888888888888888
deepseek_r1_distill_1p5b__gsm8k_train_00258_5f7ebd32__temp0.10__seed7,0.3268019292996486,0.1875
deepseek_r1_distill_1p5b__gsm8k_train_00258_5f7ebd32__temp0.60__seed7,0.22919686264326894,0.7142857142857143
deepseek_r1_distill_1p5b__gsm8k_train_00258_5f7ebd32__temp1.00__seed7,0.23583849969352366,0.4375
deepseek_r1_distill_1p5b__gsm8k_train_00259_04d1467c__temp0.10__seed7,0.2278050433487925,
deepseek_r1_distill_1p5b__gsm8k_train_00259_04d1467c__temp0.60__seed7,0.2882830527459379,
deepseek_r1_distill_1p5b__gsm8k_train_00259_04d1467c__temp1.00__seed7,0.2019830756880127,0.5625
deepseek_r1_distill_1p5b__gsm8k_train_00260_b1adc13c__temp0.10__seed7,0.30017667284170513,
deepseek_r1_distill_1p5b__gsm8k_train_00260_b1adc13c__temp0.60__seed7,0.29546753099101564,0.0
deepseek_r1_distill_1p5b__gsm8k_train_00260_b1adc13c__temp1.00__seed7,0.2141317768900855,1.0
deepseek_r1_distill_1p5b__gsm8k_train_00261_8a43e108__temp0.10__seed7,0.19813963780063146,0.9166666666666666
deepseek_r1_distill_1p5b__gsm8k_train_00261_8a43e108__temp0.60__seed7,0.20694555665556197,0.6875
deepseek_r1_distill_1p5b__gsm8k_train_00261_8a43e108__temp1.00__seed7,0.19504585633060853,0.7083333333333333
deepseek_r1_distill_1p5b__gsm8k_train_00262_81925122__temp0.10__seed7,0.1402243813595382,1.0
deepseek_r1_distill_1p5b__gsm8k_train_00262_81925122__temp0.60__seed7,0.1825882544677574,0.8571428571428571
deepseek_r1_distill_1p5b__gsm8k_train_00262_81925122__temp1.00__seed7,0.16872870771283,0.875
deepseek_r1_distill_1p5b__gsm8k_train_00263_e37d331e__temp0.10__seed7,0.24107524317841683,0.5416666666666666
deepseek_r1_distill_1p5b__gsm8k_train_00263_e37d331e__temp0.60__seed7,0.1577088630208711,0.9583333333333334
deepseek_r1_distill_1p5b__gsm8k_train_00263_e37d331e__temp1.00__seed7,0.22202410263960362,0.75
deepseek_r1_distill_1p5b__gsm8k_train_00264_bac7a4b2__temp0.10__seed7,0.20544958622347922,0.8095238095238095
deepseek_r1_distill_1p5b__gsm8k_train_00264_bac7a4b2__temp0.60__seed7,0.1583578140203528,1.0
deepseek_r1_distill_1p5b__gsm8k_train_00264_bac7a4b2__temp1.00__seed7,0.1854787424041755,0.875
deepseek_r1_distill_1p5b__gsm8k_train_00265_e3f05de9__temp0.10__seed7,0.24083974330807895,0.11111111111111116
deepseek_r1_distill_1p5b__gsm8k_train_00265_e3f05de9__temp0.60__seed7,0.2112130824277064,0.5714285714285714
deepseek_r1_distill_1p5b__gsm8k_train_00265_e3f05de9__temp1.00__seed7,0.20151353588228232,
deepseek_r1_distill_1p5b__gsm8k_train_00266_454f6dc0__temp0.10__seed7,0.2508999553851436,0.8571428571428572
deepseek_r1_distill_1p5b__gsm8k_train_00266_454f6dc0__temp0.60__seed7,0.11220892384612866,1.0
deepseek_r1_distill_1p5b__gsm8k_train_00266_454f6dc0__temp1.00__seed7,0.21423315165177229,0.7916666666666667
deepseek_r1_distill_1p5b__gsm8k_train_00267_c3dce41c__temp0.10__seed7,0.20971011214578258,0.7083333333333334
deepseek_r1_distill_1p5b__gsm8k_train_00267_c3dce41c__temp0.60__seed7,0.19976121457635168,0.761904761904762
deepseek_r1_distill_1p5b__gsm8k_train_00267_c3dce41c__temp1.00__seed7,0.260478593317247,0.52
deepseek_r1_distill_1p5b__gsm8k_train_00268_a5745e31__temp0.10__seed7,0.25534625320674803,0.11111111111111116
deepseek_r1_distill_1p5b__gsm8k_train_00268_a5745e31__temp0.60__seed7,0.18285076638114742,0.9375
deepseek_r1_distill_1p5b__gsm8k_train_00268_a5745e31__temp1.00__seed7,0.21125051096500638,0.6190476190476191
deepseek_r1_distill_1p5b__gsm8k_train_00269_ed1098a8__temp0.10__seed7,0.2255693219790121,
deepseek_r1_distill_1p5b__gsm8k_train_00269_ed1098a8__temp0.60__seed7,0.19336610933030912,
deepseek_r1_distill_1p5b__gsm8k_train_00269_ed1098a8__temp1.00__seed7,0.20082426941550674,
deepseek_r1_distill_1p5b__gsm8k_train_00270_55185930__temp0.10__seed7,0.25340495930380375,
deepseek_r1_distill_1p5b__gsm8k_train_00270_55185930__temp0.60__seed7,0.20132740206072097,
deepseek_r1_distill_1p5b__gsm8k_train_00270_55185930__temp1.00__seed7,0.1573656017353076,
deepseek_r1_distill_1p5b__gsm8k_train_00271_5eea4943__temp0.10__seed7,0.2557212316331629,0.23809523809523814
deepseek_r1_distill_1p5b__gsm8k_train_00271_5eea4943__temp0.60__seed7,0.19485945267801583,0.7142857142857142
deepseek_r1_distill_1p5b__gsm8k_train_00271_5eea4943__temp1.00__seed7,0.2219131035369466,0.75
deepseek_r1_distill_1p5b__gsm8k_train_00272_27eebeec__temp0.10__seed7,0.299328913230269,
deepseek_r1_distill_1p5b__gsm8k_train_00272_27eebeec__temp0.60__seed7,0.28283587317761105,
deepseek_r1_distill_1p5b__gsm8k_train_00272_27eebeec__temp1.00__seed7,0.2052080144802347,0.0
deepseek_r1_distill_1p5b__gsm8k_train_00273_b495e813__temp0.10__seed7,0.16207278354485408,1.0
deepseek_r1_distill_1p5b__gsm8k_train_00273_b495e813__temp0.60__seed7,0.10298959714842537,1.0
deepseek_r1_distill_1p5b__gsm8k_train_00273_b495e813__temp1.00__seed7,0.1428262987090474,0.9375
deepseek_r1_distill_1p5b__gsm8k_train_00274_03180f5b__temp0.10__seed7,0.2151896374076832,0.75
deepseek_r1_distill_1p5b__gsm8k_train_00274_03180f5b__temp0.60__seed7,0.24327159080513425,0.5833333333333334
deepseek_r1_distill_1p5b__gsm8k_train_00274_03180f5b__temp1.00__seed7,0.22765790110226133,0.6666666666666667
deepseek_r1_distill_1p5b__gsm8k_train_00275_bf17b203__temp0.10__seed7,0.29821880606067247,
deepseek_r1_distill_1p5b__gsm8k_train_00275_bf17b203__temp0.60__seed7,0.26617665025973,
deepseek_r1_distill_1p5b__gsm8k_train_00275_bf17b203__temp1.00__seed7,0.33651895797454345,
deepseek_r1_distill_1p5b__gsm8k_train_00276_4674940d__temp0.10__seed7,0.2103669726724414,
deepseek_r1_distill_1p5b__gsm8k_train_00276_4674940d__temp0.60__seed7,0.1651836124815604,0.5625
deepseek_r1_distill_1p5b__gsm8k_train_00276_4674940d__temp1.00__seed7,0.22463532055937607,0.4444444444444444
deepseek_r1_distill_1p5b__gsm8k_train_00277_fc707c92__temp0.10__seed7,0.10019263887543872,
deepseek_r1_distill_1p5b__gsm8k_train_00277_fc707c92__temp0.60__seed7,0.18881125372085678,
deepseek_r1_distill_1p5b__gsm8k_train_00277_fc707c92__temp1.00__seed7,0.09966152688339172,
deepseek_r1_distill_1p5b__gsm8k_train_00278_1bea983e__temp0.10__seed7,0.2163291154615478,
deepseek_r1_distill_1p5b__gsm8k_train_00278_1bea983e__temp0.60__seed7,0.19819749627346145,0.0
deepseek_r1_distill_1p5b__gsm8k_train_00278_1bea983e__temp1.00__seed7,0.21243439288339272,
deepseek_r1_distill_1p5b__gsm8k_train_00279_37085dc5__temp0.10__seed7,0.27522270222065687,
deepseek_r1_distill_1p5b__gsm8k_train_00279_37085dc5__temp0.60__seed7,0.21225984771244763,
deepseek_r1_distill_1p5b__gsm8k_train_00279_37085dc5__temp1.00__seed7,0.25014011961358606,
deepseek_r1_distill_1p5b__gsm8k_train_00280_a1255acc__temp0.10__seed7,0.153374413449009,0.8125
deepseek_r1_distill_1p5b__gsm8k_train_00280_a1255acc__temp0.60__seed7,0.18492005326724345,0.8571428571428571
deepseek_r1_distill_1p5b__gsm8k_train_00280_a1255acc__temp1.00__seed7,0.24941543212720801,0.2857142857142857
deepseek_r1_distill_1p5b__gsm8k_train_00281_a116f238__temp0.10__seed7,0.19707431982941692,0.8571428571428571
deepseek_r1_distill_1p5b__gsm8k_train_00281_a116f238__temp0.60__seed7,0.20997508019685746,0.75
deepseek_r1_distill_1p5b__gsm8k_train_00281_a116f238__temp1.00__seed7,0.1789458958626863,0.75
deepseek_r1_distill_1p5b__gsm8k_train_00282_351b3e99__temp0.10__seed7,0.15718739257586314,0.8125
deepseek_r1_distill_1p5b__gsm8k_train_00282_351b3e99__temp0.60__seed7,0.2691078711270163,0.5714285714285714
deepseek_r1_distill_1p5b__gsm8k_train_00282_351b3e99__temp1.00__seed7,0.22238084868219699,0.625
deepseek_r1_distill_1p5b__gsm8k_train_00283_1ed728b7__temp0.10__seed7,0.19143693134688936,0.8095238095238095
deepseek_r1_distill_1p5b__gsm8k_train_00283_1ed728b7__temp0.60__seed7,0.1806568996160623,0.9600000000000001
deepseek_r1_distill_1p5b__gsm8k_train_00283_1ed728b7__temp1.00__seed7,0.22213260261428475,0.75
deepseek_r1_distill_1p5b__gsm8k_train_00284_101eec9e__temp0.10__seed7,0.1348069535016261,1.0
deepseek_r1_distill_1p5b__gsm8k_train_00284_101eec9e__temp0.60__seed7,0.16849998001365932,0.8125
deepseek_r1_distill_1p5b__gsm8k_train_00284_101eec9e__temp1.00__seed7,0.12690571753023078,1.0
deepseek_r1_distill_1p5b__gsm8k_train_00285_b01cf570__temp0.10__seed7,0.2761146125667695,
deepseek_r1_distill_1p5b__gsm8k_train_00285_b01cf570__temp0.60__seed7,0.1757256465261932,0.6666666666666667
deepseek_r1_distill_1p5b__gsm8k_train_00285_b01cf570__temp1.00__seed7,0.1333204398699909,
deepseek_r1_distill_1p5b__gsm8k_train_00286_c511337a__temp0.10__seed7,0.2310106614518863,
deepseek_r1_distill_1p5b__gsm8k_train_00286_c511337a__temp0.60__seed7,0.1255661846884116,
deepseek_r1_distill_1p5b__gsm8k_train_00286_c511337a__temp1.00__seed7,0.1520226777727911,
deepseek_r1_distill_1p5b__gsm8k_train_00287_759f3ccd__temp0.10__seed7,0.24859327674560547,0.5555555555555556
deepseek_r1_distill_1p5b__gsm8k_train_00287_759f3ccd__temp0.60__seed7,0.19106225446880373,0.7083333333333334
deepseek_r1_distill_1p5b__gsm8k_train_00287_759f3ccd__temp1.00__seed7,0.22170920835843044,0.4375
deepseek_r1_distill_1p5b__gsm8k_train_00288_9941b54a__temp0.10__seed7,0.1684506490604874,1.0
deepseek_r1_distill_1p5b__gsm8k_train_00288_9941b54a__temp0.60__seed7,0.14308658525484597,1.0
deepseek_r1_distill_1p5b__gsm8k_train_00288_9941b54a__temp1.00__seed7,0.10585283915147256,
deepseek_r1_distill_1p5b__gsm8k_train_00289_78b6355f__temp0.10__seed7,0.20450719468029788,0.7142857142857144
deepseek_r1_distill_1p5b__gsm8k_train_00289_78b6355f__temp0.60__seed7,0.28633701320971056,0.2380952380952381
deepseek_r1_distill_1p5b__gsm8k_train_00289_78b6355f__temp1.00__seed7,0.21238457680881334,0.7083333333333334
deepseek_r1_distill_1p5b__gsm8k_train_00290_793c43a0__temp0.10__seed7,0.14918760951129603,0.8571428571428571
deepseek_r1_distill_1p5b__gsm8k_train_00290_793c43a0__temp0.60__seed7,0.11751853094652447,1.0
deepseek_r1_distill_1p5b__gsm8k_train_00290_793c43a0__temp1.00__seed7,0.194344810158724,0.75
deepseek_r1_distill_1p5b__gsm8k_train_00291_222e4b93__temp0.10__seed7,0.29021019612052384,0.32000000000000006
deepseek_r1_distill_1p5b__gsm8k_train_00291_222e4b93__temp0.60__seed7,0.18490197006878178,0.11111111111111116
deepseek_r1_distill_1p5b__gsm8k_train_00291_222e4b93__temp1.00__seed7,0.22093257317965137,0.25
deepseek_r1_distill_1p5b__gsm8k_train_00292_613e5bf6__temp0.10__seed7,0.2700790225116644,0.2222222222222222
deepseek_r1_distill_1p5b__gsm8k_train_00292_613e5bf6__temp0.60__seed7,0.29202506813170614,0.33333333333333337
deepseek_r1_distill_1p5b__gsm8k_train_00292_613e5bf6__temp1.00__seed7,0.17682034147949052,0.11111111111111116
deepseek_r1_distill_1p5b__gsm8k_train_00293_2ed3e21c__temp0.10__seed7,0.239977346154489,0.5416666666666666
deepseek_r1_distill_1p5b__gsm8k_train_00293_2ed3e21c__temp0.60__seed7,0.19984006404466506,0.8888888888888888
deepseek_r1_distill_1p5b__gsm8k_train_00293_2ed3e21c__temp1.00__seed7,0.19714059200674722,
deepseek_r1_distill_1p5b__gsm8k_train_00294_c1d5fdf8__temp0.10__seed7,0.17843527948924004,0.875
deepseek_r1_distill_1p5b__gsm8k_train_00294_c1d5fdf8__temp0.60__seed7,0.15174142618213077,1.0
deepseek_r1_distill_1p5b__gsm8k_train_00294_c1d5fdf8__temp1.00__seed7,0.3422605682902602,
deepseek_r1_distill_1p5b__gsm8k_train_00295_9256fde3__temp0.10__seed7,0.22951460838756166,0.7083333333333334
deepseek_r1_distill_1p5b__gsm8k_train_00295_9256fde3__temp0.60__seed7,0.19005100905376882,0.9047619047619048
deepseek_r1_distill_1p5b__gsm8k_train_00295_9256fde3__temp1.00__seed7,0.2658158186278131,0.375
deepseek_r1_distill_1p5b__gsm8k_train_00296_9984d811__temp0.10__seed7,0.46025131148301046,
deepseek_r1_distill_1p5b__gsm8k_train_00296_9984d811__temp0.60__seed7,0.31119890846572396,0.2222222222222222
deepseek_r1_distill_1p5b__gsm8k_train_00296_9984d811__temp1.00__seed7,0.2018443715913565,
deepseek_r1_distill_1p5b__gsm8k_train_00297_5f9c19ec__temp0.10__seed7,0.32116243951197176,
deepseek_r1_distill_1p5b__gsm8k_train_00297_5f9c19ec__temp0.60__seed7,0.28562015388485945,
deepseek_r1_distill_1p5b__gsm8k_train_00297_5f9c19ec__temp1.00__seed7,0.2408953936684179,
deepseek_r1_distill_1p5b__gsm8k_train_00298_f172703b__temp0.10__seed7,0.22462686440707563,0.76
deepseek_r1_distill_1p5b__gsm8k_train_00298_f172703b__temp0.60__seed7,0.21276169564421127,0.75
deepseek_r1_distill_1p5b__gsm8k_train_00298_f172703b__temp1.00__seed7,0.26596230525546327,0.5238095238095238
deepseek_r1_distill_1p5b__gsm8k_train_00299_55e7dd80__temp0.10__seed7,0.26633980949893027,0.2222222222222222
deepseek_r1_distill_1p5b__gsm8k_train_00299_55e7dd80__temp0.60__seed7,0.2964341531520218,0.2222222222222222
deepseek_r1_distill_1p5b__gsm8k_train_00299_55e7dd80__temp1.00__seed7,0.16376271481360677,
