run_id,trajectory_type
qwen2p5_7b__gsm8k_train_00000_b5828bc4__temp0.10__seed7,corruption
qwen2p5_7b__gsm8k_train_00001_3691caf7__temp0.10__seed7,corruption
qwen2p5_7b__gsm8k_train_00002_ae407466__temp0.10__seed7,corruption
qwen2p5_7b__gsm8k_train_00003_135cf83f__temp0.10__seed7,corruption
qwen2p5_7b__gsm8k_train_00004_3ee48c01__temp0.10__seed7,persistent_wrong
qwen2p5_7b__gsm8k_train_00005_d0817615__temp0.10__seed7,repair
qwen2p5_7b__gsm8k_train_00006_4cf43e2d__temp0.10__seed7,persistent_wrong
qwen2p5_7b__gsm8k_train_00007_40d1aba4__temp0.10__seed7,persistent_correct
qwen2p5_7b__gsm8k_train_00008_cd4fe6cf__temp0.10__seed7,repair
qwen2p5_7b__gsm8k_train_00009_a1cbbbd0__temp0.10__seed7,repair
qwen2p5_7b__gsm8k_train_00010_8c587dfb__temp0.10__seed7,repair
qwen2p5_7b__gsm8k_train_00011_127045f3__temp0.10__seed7,persistent_wrong
qwen2p5_7b__gsm8k_train_00012_6cf7f4b8__temp0.10__seed7,repair
qwen2p5_7b__gsm8k_train_00013_6f2b17c2__temp0.10__seed7,repair
qwen2p5_7b__gsm8k_train_00014_f0103a9f__temp0.10__seed7,repair
qwen2p5_7b__gsm8k_train_00015_20b7f79a__temp0.10__seed7,repair
qwen2p5_7b__gsm8k_train_00016_0cef7ca3__temp0.10__seed7,repair
qwen2p5_7b__gsm8k_train_00017_89d492f6__temp0.10__seed7,corruption
qwen2p5_7b__gsm8k_train_00018_86b6a534__temp0.10__seed7,repair
qwen2p5_7b__gsm8k_train_00019_fe91f244__temp0.10__seed7,repair
qwen2p5_7b__gsm8k_train_00020_7d8a849a__temp0.10__seed7,repair
qwen2p5_7b__gsm8k_train_00021_8849281d__temp0.10__seed7,repair
qwen2p5_7b__gsm8k_train_00022_80c4da46__temp0.10__seed7,repair
qwen2p5_7b__gsm8k_train_00023_5c659510__temp0.10__seed7,repair
qwen2p5_7b__gsm8k_train_00024_f139cc04__temp0.10__seed7,repair
qwen2p5_7b__gsm8k_train_00025_1a030c71__temp0.10__seed7,corruption
qwen2p5_7b__gsm8k_train_00026_bf9e0c24__temp0.10__seed7,corruption
qwen2p5_7b__gsm8k_train_00027_21e7ba75__temp0.10__seed7,repair
qwen2p5_7b__gsm8k_train_00028_07c2d0db__temp0.10__seed7,repair
qwen2p5_7b__gsm8k_train_00029_9fc74e20__temp0.10__seed7,repair
qwen2p5_7b__gsm8k_train_00030_4f09989a__temp0.10__seed7,repair
qwen2p5_7b__gsm8k_train_00031_1c0c7800__temp0.10__seed7,repair
qwen2p5_7b__gsm8k_train_00032_366614d9__temp0.10__seed7,corruption
qwen2p5_7b__gsm8k_train_00033_285b14f1__temp0.10__seed7,corruption
qwen2p5_7b__gsm8k_train_00034_b46e2eee__temp0.10__seed7,repair
qwen2p5_7b__gsm8k_train_00035_e581c993__temp0.10__seed7,persistent_wrong
qwen2p5_7b__gsm8k_train_00036_5cc8bffa__temp0.10__seed7,corruption
qwen2p5_7b__gsm8k_train_00037_59a9e4e3__temp0.10__seed7,repair
qwen2p5_7b__gsm8k_train_00038_40afacc8__temp0.10__seed7,persistent_wrong
qwen2p5_7b__gsm8k_train_00039_3f079edf__temp0.10__seed7,repair
qwen2p5_7b__gsm8k_train_00040_26fced6d__temp0.10__seed7,repair
qwen2p5_7b__gsm8k_train_00041_a5b39aca__temp0.10__seed7,repair
qwen2p5_7b__gsm8k_train_00042_90e751d7__temp0.10__seed7,repair
qwen2p5_7b__gsm8k_train_00043_94f5ad37__temp0.10__seed7,repair
qwen2p5_7b__gsm8k_train_00044_9c745cd7__temp0.10__seed7,corruption
qwen2p5_7b__gsm8k_train_00045_6652e47d__temp0.10__seed7,persistent_correct
qwen2p5_7b__gsm8k_train_00046_9575ad8f__temp0.10__seed7,persistent_correct
qwen2p5_7b__gsm8k_train_00047_f2440a00__temp0.10__seed7,corruption
qwen2p5_7b__gsm8k_train_00048_11e2cfda__temp0.10__seed7,corruption
qwen2p5_7b__gsm8k_train_00049_47b14786__temp0.10__seed7,corruption
qwen2p5_7b__gsm8k_train_00050_573850e8__temp0.10__seed7,corruption
qwen2p5_7b__gsm8k_train_00051_45d98db9__temp0.10__seed7,repair
qwen2p5_7b__gsm8k_train_00052_62a46c30__temp0.10__seed7,corruption
qwen2p5_7b__gsm8k_train_00053_0f2bea45__temp0.10__seed7,repair
qwen2p5_7b__gsm8k_train_00054_2dc1e445__temp0.10__seed7,repair
qwen2p5_7b__gsm8k_train_00055_0a51a335__temp0.10__seed7,corruption
qwen2p5_7b__gsm8k_train_00056_1e4c2fc2__temp0.10__seed7,persistent_wrong
qwen2p5_7b__gsm8k_train_00057_57b7f2d4__temp0.10__seed7,corruption
qwen2p5_7b__gsm8k_train_00058_43c88879__temp0.10__seed7,repair
qwen2p5_7b__gsm8k_train_00059_90db2977__temp0.10__seed7,corruption
qwen2p5_7b__gsm8k_train_00060_9b3f9448__temp0.10__seed7,repair
qwen2p5_7b__gsm8k_train_00061_0e425d85__temp0.10__seed7,persistent_wrong
qwen2p5_7b__gsm8k_train_00062_8f0f003e__temp0.10__seed7,repair
qwen2p5_7b__gsm8k_train_00063_1418fe17__temp0.10__seed7,persistent_correct
qwen2p5_7b__gsm8k_train_00064_a2146c67__temp0.10__seed7,persistent_wrong
qwen2p5_7b__gsm8k_train_00065_730f674d__temp0.10__seed7,persistent_wrong
qwen2p5_7b__gsm8k_train_00066_657c5999__temp0.10__seed7,corruption
qwen2p5_7b__gsm8k_train_00067_7ae2a064__temp0.10__seed7,repair
qwen2p5_7b__gsm8k_train_00068_76571793__temp0.10__seed7,corruption
qwen2p5_7b__gsm8k_train_00069_d68659f7__temp0.10__seed7,corruption
qwen2p5_7b__gsm8k_train_00070_71b9fc29__temp0.10__seed7,repair
qwen2p5_7b__gsm8k_train_00071_c665e122__temp0.10__seed7,corruption
qwen2p5_7b__gsm8k_train_00072_29bf6ced__temp0.10__seed7,repair
qwen2p5_7b__gsm8k_train_00073_bba2194d__temp0.10__seed7,repair
qwen2p5_7b__gsm8k_train_00074_f7b6c77d__temp0.10__seed7,corruption
qwen2p5_7b__gsm8k_train_00075_701b0438__temp0.10__seed7,persistent_correct
qwen2p5_7b__gsm8k_train_00076_4bc39af7__temp0.10__seed7,repair
qwen2p5_7b__gsm8k_train_00077_ef228274__temp0.10__seed7,repair
qwen2p5_7b__gsm8k_train_00078_8202f885__temp0.10__seed7,persistent_wrong
qwen2p5_7b__gsm8k_train_00079_02bbd64d__temp0.10__seed7,persistent_wrong
qwen2p5_7b__gsm8k_train_00080_9c0e3ea5__temp0.10__seed7,repair
qwen2p5_7b__gsm8k_train_00081_0f393056__temp0.10__seed7,repair
qwen2p5_7b__gsm8k_train_00082_3bc88e6c__temp0.10__seed7,persistent_wrong
qwen2p5_7b__gsm8k_train_00083_51275bdc__temp0.10__seed7,repair
qwen2p5_7b__gsm8k_train_00084_3f815691__temp0.10__seed7,repair
qwen2p5_7b__gsm8k_train_00085_a89e3367__temp0.10__seed7,persistent_wrong
qwen2p5_7b__gsm8k_train_00086_af406602__temp0.10__seed7,repair
qwen2p5_7b__gsm8k_train_00087_c84aacb9__temp0.10__seed7,repair
qwen2p5_7b__gsm8k_train_00088_f1f3640a__temp0.10__seed7,repair
qwen2p5_7b__gsm8k_train_00089_2aacad9b__temp0.10__seed7,repair
qwen2p5_7b__gsm8k_train_00090_29b27436__temp0.10__seed7,corruption
qwen2p5_7b__gsm8k_train_00091_448c3a36__temp0.10__seed7,repair
qwen2p5_7b__gsm8k_train_00092_223e8435__temp0.10__seed7,repair
qwen2p5_7b__gsm8k_train_00093_71d569f4__temp0.10__seed7,persistent_wrong
qwen2p5_7b__gsm8k_train_00094_8eaa9faa__temp0.10__seed7,repair
qwen2p5_7b__gsm8k_train_00095_284c5d46__temp0.10__seed7,persistent_correct
qwen2p5_7b__gsm8k_train_00096_6481a627__temp0.10__seed7,corruption
qwen2p5_7b__gsm8k_train_00097_6bd27f05__temp0.10__seed7,corruption
qwen2p5_7b__gsm8k_train_00098_d726f63c__temp0.10__seed7,repair
qwen2p5_7b__gsm8k_train_00099_8293657a__temp0.10__seed7,corruption
qwen2p5_7b__gsm8k_train_00100_d5a06669__temp0.10__seed7,corruption
qwen2p5_7b__gsm8k_train_00101_731d35d2__temp0.10__seed7,corruption
qwen2p5_7b__gsm8k_train_00102_0ea96c31__temp0.10__seed7,persistent_wrong
qwen2p5_7b__gsm8k_train_00103_230412df__temp0.10__seed7,repair
qwen2p5_7b__gsm8k_train_00104_d3998bd4__temp0.10__seed7,persistent_wrong
qwen2p5_7b__gsm8k_train_00105_042a250a__temp0.10__seed7,persistent_wrong
qwen2p5_7b__gsm8k_train_00106_8cad3b52__temp0.10__seed7,repair
qwen2p5_7b__gsm8k_train_00107_4caf115e__temp0.10__seed7,repair
qwen2p5_7b__gsm8k_train_00108_5ac22bd3__temp0.10__seed7,corruption
qwen2p5_7b__gsm8k_train_00109_92e23e8b__temp0.10__seed7,repair
qwen2p5_7b__gsm8k_train_00110_3f6b3060__temp0.10__seed7,repair
qwen2p5_7b__gsm8k_train_00111_d25ba2bc__temp0.10__seed7,repair
qwen2p5_7b__gsm8k_train_00112_d004953d__temp0.10__seed7,repair
qwen2p5_7b__gsm8k_train_00113_4b07acb1__temp0.10__seed7,corruption
qwen2p5_7b__gsm8k_train_00114_475adb02__temp0.10__seed7,persistent_wrong
qwen2p5_7b__gsm8k_train_00115_2d23fc87__temp0.10__seed7,repair
qwen2p5_7b__gsm8k_train_00116_2556d227__temp0.10__seed7,repair
qwen2p5_7b__gsm8k_train_00117_ad977811__temp0.10__seed7,repair
qwen2p5_7b__gsm8k_train_00118_a973f8cb__temp0.10__seed7,corruption
qwen2p5_7b__gsm8k_train_00119_0de1b1ef__temp0.10__seed7,repair
qwen2p5_7b__gsm8k_train_00120_7b987bc2__temp0.10__seed7,repair
qwen2p5_7b__gsm8k_train_00121_34e49988__temp0.10__seed7,persistent_wrong
qwen2p5_7b__gsm8k_train_00122_85671496__temp0.10__seed7,corruption
qwen2p5_7b__gsm8k_train_00123_9e888b7b__temp0.10__seed7,corruption
qwen2p5_7b__gsm8k_train_00124_19913472__temp0.10__seed7,repair
qwen2p5_7b__gsm8k_train_00125_484d3aab__temp0.10__seed7,corruption
qwen2p5_7b__gsm8k_train_00126_5c93c15c__temp0.10__seed7,repair
qwen2p5_7b__gsm8k_train_00127_7b9040bd__temp0.10__seed7,repair
qwen2p5_7b__gsm8k_train_00128_47ebf5c6__temp0.10__seed7,persistent_correct
qwen2p5_7b__gsm8k_train_00129_c31ed05e__temp0.10__seed7,persistent_correct
qwen2p5_7b__gsm8k_train_00130_75dd171f__temp0.10__seed7,repair
qwen2p5_7b__gsm8k_train_00131_92ea4226__temp0.10__seed7,persistent_wrong
qwen2p5_7b__gsm8k_train_00132_97d4fa7f__temp0.10__seed7,persistent_correct
qwen2p5_7b__gsm8k_train_00133_8d0b2ca9__temp0.10__seed7,repair
qwen2p5_7b__gsm8k_train_00134_0775ef2d__temp0.10__seed7,repair
qwen2p5_7b__gsm8k_train_00135_f0b99c1b__temp0.10__seed7,repair
qwen2p5_7b__gsm8k_train_00136_5922bf98__temp0.10__seed7,persistent_correct
qwen2p5_7b__gsm8k_train_00137_5ab5639d__temp0.10__seed7,repair
qwen2p5_7b__gsm8k_train_00138_96a94a19__temp0.10__seed7,persistent_wrong
qwen2p5_7b__gsm8k_train_00139_8d762338__temp0.10__seed7,persistent_correct
qwen2p5_7b__gsm8k_train_00140_55a37f13__temp0.10__seed7,repair
qwen2p5_7b__gsm8k_train_00141_a5275925__temp0.10__seed7,repair
qwen2p5_7b__gsm8k_train_00142_534ffd84__temp0.10__seed7,repair
qwen2p5_7b__gsm8k_train_00143_b52213e4__temp0.10__seed7,corruption
qwen2p5_7b__gsm8k_train_00144_db61f2fd__temp0.10__seed7,corruption
qwen2p5_7b__gsm8k_train_00145_63fdba4d__temp0.10__seed7,repair
qwen2p5_7b__gsm8k_train_00146_84b32c93__temp0.10__seed7,repair
qwen2p5_7b__gsm8k_train_00147_986fd9cb__temp0.10__seed7,persistent_correct
qwen2p5_7b__gsm8k_train_00148_063dff44__temp0.10__seed7,persistent_wrong
qwen2p5_7b__gsm8k_train_00149_3771c034__temp0.10__seed7,corruption
qwen2p5_7b__gsm8k_train_00150_e22b1bdf__temp0.10__seed7,corruption
qwen2p5_7b__gsm8k_train_00151_4bb7eefb__temp0.10__seed7,corruption
qwen2p5_7b__gsm8k_train_00152_2cb74a26__temp0.10__seed7,persistent_wrong
qwen2p5_7b__gsm8k_train_00153_afb1af8f__temp0.10__seed7,corruption
qwen2p5_7b__gsm8k_train_00154_a9b9e3d8__temp0.10__seed7,corruption
qwen2p5_7b__gsm8k_train_00155_4c8b7c96__temp0.10__seed7,persistent_wrong
qwen2p5_7b__gsm8k_train_00156_daa5c92b__temp0.10__seed7,repair
qwen2p5_7b__gsm8k_train_00157_2b8c0bdc__temp0.10__seed7,persistent_wrong
qwen2p5_7b__gsm8k_train_00158_e62259b6__temp0.10__seed7,repair
qwen2p5_7b__gsm8k_train_00159_aaf4fb3e__temp0.10__seed7,persistent_correct
qwen2p5_7b__gsm8k_train_00160_e3ca64fa__temp0.10__seed7,persistent_wrong
qwen2p5_7b__gsm8k_train_00161_c9030195__temp0.10__seed7,repair
qwen2p5_7b__gsm8k_train_00162_c635097b__temp0.10__seed7,repair
qwen2p5_7b__gsm8k_train_00163_8e8be5fe__temp0.10__seed7,repair
qwen2p5_7b__gsm8k_train_00164_04e62ecd__temp0.10__seed7,persistent_wrong
qwen2p5_7b__gsm8k_train_00165_3ec73ad9__temp0.10__seed7,persistent_wrong
qwen2p5_7b__gsm8k_train_00166_99f3474a__temp0.10__seed7,corruption
qwen2p5_7b__gsm8k_train_00167_37f9f1d6__temp0.10__seed7,repair
qwen2p5_7b__gsm8k_train_00168_70ab7e53__temp0.10__seed7,corruption
qwen2p5_7b__gsm8k_train_00169_747e8aa0__temp0.10__seed7,repair
qwen2p5_7b__gsm8k_train_00170_2924103d__temp0.10__seed7,corruption
qwen2p5_7b__gsm8k_train_00171_c0bf1711__temp0.10__seed7,corruption
qwen2p5_7b__gsm8k_train_00172_44814345__temp0.10__seed7,corruption
qwen2p5_7b__gsm8k_train_00173_be809155__temp0.10__seed7,corruption
qwen2p5_7b__gsm8k_train_00174_1e0c256b__temp0.10__seed7,corruption
qwen2p5_7b__gsm8k_train_00175_0873326a__temp0.10__seed7,repair
qwen2p5_7b__gsm8k_train_00176_719d94bb__temp0.10__seed7,corruption
qwen2p5_7b__gsm8k_train_00177_0a2eb591__temp0.10__seed7,repair
qwen2p5_7b__gsm8k_train_00178_64a3b80d__temp0.10__seed7,corruption
qwen2p5_7b__gsm8k_train_00179_57585b14__temp0.10__seed7,corruption
qwen2p5_7b__gsm8k_train_00180_7346e14b__temp0.10__seed7,corruption
qwen2p5_7b__gsm8k_train_00181_f87f92a8__temp0.10__seed7,persistent_wrong
qwen2p5_7b__gsm8k_train_00182_2eae6ce0__temp0.10__seed7,persistent_wrong
qwen2p5_7b__gsm8k_train_00183_6bbc3c67__temp0.10__seed7,repair
qwen2p5_7b__gsm8k_train_00184_ea542884__temp0.10__seed7,repair
qwen2p5_7b__gsm8k_train_00185_f5fac061__temp0.10__seed7,corruption
qwen2p5_7b__gsm8k_train_00186_af04022d__temp0.10__seed7,corruption
qwen2p5_7b__gsm8k_train_00187_2192eb08__temp0.10__seed7,repair
qwen2p5_7b__gsm8k_train_00188_e8608578__temp0.10__seed7,repair
qwen2p5_7b__gsm8k_train_00189_96b03f19__temp0.10__seed7,corruption
qwen2p5_7b__gsm8k_train_00190_c700b815__temp0.10__seed7,persistent_correct
qwen2p5_7b__gsm8k_train_00191_bf2b3508__temp0.10__seed7,repair
qwen2p5_7b__gsm8k_train_00192_a2a05a17__temp0.10__seed7,repair
qwen2p5_7b__gsm8k_train_00193_316cb5a7__temp0.10__seed7,persistent_wrong
qwen2p5_7b__gsm8k_train_00194_fc7b694e__temp0.10__seed7,corruption
qwen2p5_7b__gsm8k_train_00195_f6ba9480__temp0.10__seed7,repair
qwen2p5_7b__gsm8k_train_00196_4822538e__temp0.10__seed7,repair
qwen2p5_7b__gsm8k_train_00197_f5b62414__temp0.10__seed7,persistent_wrong
qwen2p5_7b__gsm8k_train_00198_116d0b0b__temp0.10__seed7,repair
qwen2p5_7b__gsm8k_train_00199_b1cae179__temp0.10__seed7,repair
qwen2p5_7b__gsm8k_train_00200_86d3b46e__temp0.10__seed7,repair
qwen2p5_7b__gsm8k_train_00201_88e5b94e__temp0.10__seed7,repair
qwen2p5_7b__gsm8k_train_00202_ef524e01__temp0.10__seed7,corruption
qwen2p5_7b__gsm8k_train_00203_70f13d8d__temp0.10__seed7,corruption
qwen2p5_7b__gsm8k_train_00204_6479a9b2__temp0.10__seed7,repair
qwen2p5_7b__gsm8k_train_00205_57eaa488__temp0.10__seed7,repair
qwen2p5_7b__gsm8k_train_00206_a81f9c02__temp0.10__seed7,repair
qwen2p5_7b__gsm8k_train_00207_003dddd0__temp0.10__seed7,repair
qwen2p5_7b__gsm8k_train_00208_0a589fae__temp0.10__seed7,repair
qwen2p5_7b__gsm8k_train_00209_95c80176__temp0.10__seed7,repair
qwen2p5_7b__gsm8k_train_00210_d6550c57__temp0.10__seed7,repair
qwen2p5_7b__gsm8k_train_00211_c3c39b27__temp0.10__seed7,corruption
qwen2p5_7b__gsm8k_train_00212_553f7eb9__temp0.10__seed7,repair
qwen2p5_7b__gsm8k_train_00213_de93700d__temp0.10__seed7,persistent_wrong
qwen2p5_7b__gsm8k_train_00214_1bd45727__temp0.10__seed7,corruption
qwen2p5_7b__gsm8k_train_00215_16f5d4da__temp0.10__seed7,repair
qwen2p5_7b__gsm8k_train_00216_04d03801__temp0.10__seed7,repair
qwen2p5_7b__gsm8k_train_00217_c30f5981__temp0.10__seed7,repair
qwen2p5_7b__gsm8k_train_00218_7ca306c2__temp0.10__seed7,persistent_correct
qwen2p5_7b__gsm8k_train_00219_5da8c9d5__temp0.10__seed7,persistent_wrong
qwen2p5_7b__gsm8k_train_00220_6b7eb356__temp0.10__seed7,repair
qwen2p5_7b__gsm8k_train_00221_918943c8__temp0.10__seed7,corruption
qwen2p5_7b__gsm8k_train_00222_534318ae__temp0.10__seed7,repair
qwen2p5_7b__gsm8k_train_00223_82fdc86b__temp0.10__seed7,repair
qwen2p5_7b__gsm8k_train_00224_5b9ba692__temp0.10__seed7,repair
qwen2p5_7b__gsm8k_train_00225_eb4c19c6__temp0.10__seed7,repair
qwen2p5_7b__gsm8k_train_00226_39aa0b05__temp0.10__seed7,corruption
qwen2p5_7b__gsm8k_train_00227_74dc6fd7__temp0.10__seed7,repair
qwen2p5_7b__gsm8k_train_00228_fa209c1f__temp0.10__seed7,repair
qwen2p5_7b__gsm8k_train_00229_ee69cf41__temp0.10__seed7,persistent_wrong
qwen2p5_7b__gsm8k_train_00230_6d66ebf2__temp0.10__seed7,repair
qwen2p5_7b__gsm8k_train_00231_cedef501__temp0.10__seed7,persistent_wrong
qwen2p5_7b__gsm8k_train_00232_cc297bcb__temp0.10__seed7,corruption
qwen2p5_7b__gsm8k_train_00233_a24de4df__temp0.10__seed7,repair
qwen2p5_7b__gsm8k_train_00234_dec70119__temp0.10__seed7,repair
qwen2p5_7b__gsm8k_train_00235_16021bf2__temp0.10__seed7,repair
qwen2p5_7b__gsm8k_train_00236_88a38078__temp0.10__seed7,persistent_wrong
qwen2p5_7b__gsm8k_train_00237_e53550f2__temp0.10__seed7,corruption
qwen2p5_7b__gsm8k_train_00238_a8724a09__temp0.10__seed7,repair
qwen2p5_7b__gsm8k_train_00239_be0432a3__temp0.10__seed7,persistent_wrong
qwen2p5_7b__gsm8k_train_00240_e99722ca__temp0.10__seed7,persistent_correct
qwen2p5_7b__gsm8k_train_00241_1f578d8b__temp0.10__seed7,repair
qwen2p5_7b__gsm8k_train_00242_ae567c96__temp0.10__seed7,repair
qwen2p5_7b__gsm8k_train_00243_72ceeee9__temp0.10__seed7,persistent_wrong
qwen2p5_7b__gsm8k_train_00244_3afa39a0__temp0.10__seed7,repair
qwen2p5_7b__gsm8k_train_00245_9d0c6381__temp0.10__seed7,corruption
qwen2p5_7b__gsm8k_train_00246_2893b455__temp0.10__seed7,corruption
qwen2p5_7b__gsm8k_train_00247_75fad492__temp0.10__seed7,corruption
qwen2p5_7b__gsm8k_train_00248_c4586363__temp0.10__seed7,persistent_wrong
qwen2p5_7b__gsm8k_train_00249_53256b7e__temp0.10__seed7,repair
qwen2p5_7b__gsm8k_train_00250_52f63717__temp0.10__seed7,persistent_wrong
qwen2p5_7b__gsm8k_train_00251_6a00efba__temp0.10__seed7,persistent_wrong
qwen2p5_7b__gsm8k_train_00252_fa7c84f4__temp0.10__seed7,persistent_wrong
qwen2p5_7b__gsm8k_train_00253_66aefa74__temp0.10__seed7,persistent_wrong
qwen2p5_7b__gsm8k_train_00254_b24e02a5__temp0.10__seed7,corruption
qwen2p5_7b__gsm8k_train_00255_f29b83f7__temp0.10__seed7,corruption
qwen2p5_7b__gsm8k_train_00256_e43dba3a__temp0.10__seed7,corruption
qwen2p5_7b__gsm8k_train_00257_b629f4b9__temp0.10__seed7,repair
qwen2p5_7b__gsm8k_train_00258_5f7ebd32__temp0.10__seed7,corruption
qwen2p5_7b__gsm8k_train_00259_04d1467c__temp0.10__seed7,repair
qwen2p5_7b__gsm8k_train_00260_b1adc13c__temp0.10__seed7,corruption
qwen2p5_7b__gsm8k_train_00261_8a43e108__temp0.10__seed7,repair
qwen2p5_7b__gsm8k_train_00262_81925122__temp0.10__seed7,corruption
qwen2p5_7b__gsm8k_train_00263_e37d331e__temp0.10__seed7,repair
qwen2p5_7b__gsm8k_train_00264_bac7a4b2__temp0.10__seed7,repair
qwen2p5_7b__gsm8k_train_00265_e3f05de9__temp0.10__seed7,persistent_wrong
qwen2p5_7b__gsm8k_train_00266_454f6dc0__temp0.10__seed7,repair
qwen2p5_7b__gsm8k_train_00267_c3dce41c__temp0.10__seed7,corruption
qwen2p5_7b__gsm8k_train_00268_a5745e31__temp0.10__seed7,repair
qwen2p5_7b__gsm8k_train_00269_ed1098a8__temp0.10__seed7,repair
qwen2p5_7b__gsm8k_train_00270_55185930__temp0.10__seed7,persistent_wrong
qwen2p5_7b__gsm8k_train_00271_5eea4943__temp0.10__seed7,repair
qwen2p5_7b__gsm8k_train_00272_27eebeec__temp0.10__seed7,repair
qwen2p5_7b__gsm8k_train_00273_b495e813__temp0.10__seed7,persistent_correct
qwen2p5_7b__gsm8k_train_00274_03180f5b__temp0.10__seed7,corruption
qwen2p5_7b__gsm8k_train_00275_bf17b203__temp0.10__seed7,persistent_wrong
qwen2p5_7b__gsm8k_train_00276_4674940d__temp0.10__seed7,repair
qwen2p5_7b__gsm8k_train_00277_fc707c92__temp0.10__seed7,repair
qwen2p5_7b__gsm8k_train_00278_1bea983e__temp0.10__seed7,repair
qwen2p5_7b__gsm8k_train_00279_37085dc5__temp0.10__seed7,persistent_wrong
qwen2p5_7b__gsm8k_train_00280_a1255acc__temp0.10__seed7,persistent_correct
qwen2p5_7b__gsm8k_train_00281_a116f238__temp0.10__seed7,corruption
qwen2p5_7b__gsm8k_train_00282_351b3e99__temp0.10__seed7,corruption
qwen2p5_7b__gsm8k_train_00283_1ed728b7__temp0.10__seed7,corruption
qwen2p5_7b__gsm8k_train_00284_101eec9e__temp0.10__seed7,corruption
qwen2p5_7b__gsm8k_train_00285_b01cf570__temp0.10__seed7,corruption
qwen2p5_7b__gsm8k_train_00286_c511337a__temp0.10__seed7,persistent_wrong
qwen2p5_7b__gsm8k_train_00287_759f3ccd__temp0.10__seed7,repair
qwen2p5_7b__gsm8k_train_00288_9941b54a__temp0.10__seed7,corruption
qwen2p5_7b__gsm8k_train_00289_78b6355f__temp0.10__seed7,repair
qwen2p5_7b__gsm8k_train_00290_793c43a0__temp0.10__seed7,repair
qwen2p5_7b__gsm8k_train_00291_222e4b93__temp0.10__seed7,repair
qwen2p5_7b__gsm8k_train_00292_613e5bf6__temp0.10__seed7,repair
qwen2p5_7b__gsm8k_train_00293_2ed3e21c__temp0.10__seed7,corruption
qwen2p5_7b__gsm8k_train_00294_c1d5fdf8__temp0.10__seed7,corruption
qwen2p5_7b__gsm8k_train_00295_9256fde3__temp0.10__seed7,repair
qwen2p5_7b__gsm8k_train_00296_9984d811__temp0.10__seed7,corruption
qwen2p5_7b__gsm8k_train_00297_5f9c19ec__temp0.10__seed7,corruption
qwen2p5_7b__gsm8k_train_00298_f172703b__temp0.10__seed7,corruption
qwen2p5_7b__gsm8k_train_00299_55e7dd80__temp0.10__seed7,repair
qwen2p5_7b__gsm8k_train_00000_b5828bc4__temp0.60__seed7,corruption
qwen2p5_7b__gsm8k_train_00001_3691caf7__temp0.60__seed7,persistent_wrong
qwen2p5_7b__gsm8k_train_00002_ae407466__temp0.60__seed7,persistent_wrong
qwen2p5_7b__gsm8k_train_00003_135cf83f__temp0.60__seed7,corruption
qwen2p5_7b__gsm8k_train_00004_3ee48c01__temp0.60__seed7,persistent_wrong
qwen2p5_7b__gsm8k_train_00005_d0817615__temp0.60__seed7,corruption
qwen2p5_7b__gsm8k_train_00006_4cf43e2d__temp0.60__seed7,corruption
qwen2p5_7b__gsm8k_train_00007_40d1aba4__temp0.60__seed7,corruption
qwen2p5_7b__gsm8k_train_00008_cd4fe6cf__temp0.60__seed7,repair
qwen2p5_7b__gsm8k_train_00009_a1cbbbd0__temp0.60__seed7,repair
qwen2p5_7b__gsm8k_train_00010_8c587dfb__temp0.60__seed7,persistent_wrong
qwen2p5_7b__gsm8k_train_00011_127045f3__temp0.60__seed7,repair
qwen2p5_7b__gsm8k_train_00012_6cf7f4b8__temp0.60__seed7,repair
qwen2p5_7b__gsm8k_train_00013_6f2b17c2__temp0.60__seed7,repair
qwen2p5_7b__gsm8k_train_00014_f0103a9f__temp0.60__seed7,repair
qwen2p5_7b__gsm8k_train_00015_20b7f79a__temp0.60__seed7,repair
qwen2p5_7b__gsm8k_train_00016_0cef7ca3__temp0.60__seed7,repair
qwen2p5_7b__gsm8k_train_00017_89d492f6__temp0.60__seed7,repair
qwen2p5_7b__gsm8k_train_00018_86b6a534__temp0.60__seed7,corruption
qwen2p5_7b__gsm8k_train_00019_fe91f244__temp0.60__seed7,corruption
qwen2p5_7b__gsm8k_train_00020_7d8a849a__temp0.60__seed7,persistent_wrong
qwen2p5_7b__gsm8k_train_00021_8849281d__temp0.60__seed7,corruption
qwen2p5_7b__gsm8k_train_00022_80c4da46__temp0.60__seed7,repair
qwen2p5_7b__gsm8k_train_00023_5c659510__temp0.60__seed7,repair
qwen2p5_7b__gsm8k_train_00024_f139cc04__temp0.60__seed7,persistent_wrong
qwen2p5_7b__gsm8k_train_00025_1a030c71__temp0.60__seed7,corruption
qwen2p5_7b__gsm8k_train_00026_bf9e0c24__temp0.60__seed7,persistent_wrong
qwen2p5_7b__gsm8k_train_00027_21e7ba75__temp0.60__seed7,repair
qwen2p5_7b__gsm8k_train_00028_07c2d0db__temp0.60__seed7,repair
qwen2p5_7b__gsm8k_train_00029_9fc74e20__temp0.60__seed7,repair
qwen2p5_7b__gsm8k_train_00030_4f09989a__temp0.60__seed7,repair
qwen2p5_7b__gsm8k_train_00031_1c0c7800__temp0.60__seed7,persistent_wrong
qwen2p5_7b__gsm8k_train_00032_366614d9__temp0.60__seed7,corruption
qwen2p5_7b__gsm8k_train_00033_285b14f1__temp0.60__seed7,persistent_wrong
qwen2p5_7b__gsm8k_train_00034_b46e2eee__temp0.60__seed7,persistent_wrong
qwen2p5_7b__gsm8k_train_00035_e581c993__temp0.60__seed7,persistent_wrong
qwen2p5_7b__gsm8k_train_00036_5cc8bffa__temp0.60__seed7,corruption
qwen2p5_7b__gsm8k_train_00037_59a9e4e3__temp0.60__seed7,repair
qwen2p5_7b__gsm8k_train_00038_40afacc8__temp0.60__seed7,corruption
qwen2p5_7b__gsm8k_train_00039_3f079edf__temp0.60__seed7,repair
qwen2p5_7b__gsm8k_train_00040_26fced6d__temp0.60__seed7,persistent_wrong
qwen2p5_7b__gsm8k_train_00041_a5b39aca__temp0.60__seed7,repair
qwen2p5_7b__gsm8k_train_00042_90e751d7__temp0.60__seed7,repair
qwen2p5_7b__gsm8k_train_00043_94f5ad37__temp0.60__seed7,corruption
qwen2p5_7b__gsm8k_train_00044_9c745cd7__temp0.60__seed7,corruption
qwen2p5_7b__gsm8k_train_00045_6652e47d__temp0.60__seed7,corruption
qwen2p5_7b__gsm8k_train_00046_9575ad8f__temp0.60__seed7,corruption
qwen2p5_7b__gsm8k_train_00047_f2440a00__temp0.60__seed7,repair
qwen2p5_7b__gsm8k_train_00048_11e2cfda__temp0.60__seed7,repair
qwen2p5_7b__gsm8k_train_00049_47b14786__temp0.60__seed7,corruption
qwen2p5_7b__gsm8k_train_00050_573850e8__temp0.60__seed7,corruption
qwen2p5_7b__gsm8k_train_00051_45d98db9__temp0.60__seed7,repair
qwen2p5_7b__gsm8k_train_00052_62a46c30__temp0.60__seed7,repair
qwen2p5_7b__gsm8k_train_00053_0f2bea45__temp0.60__seed7,repair
qwen2p5_7b__gsm8k_train_00054_2dc1e445__temp0.60__seed7,corruption
qwen2p5_7b__gsm8k_train_00055_0a51a335__temp0.60__seed7,corruption
qwen2p5_7b__gsm8k_train_00056_1e4c2fc2__temp0.60__seed7,repair
qwen2p5_7b__gsm8k_train_00057_57b7f2d4__temp0.60__seed7,corruption
qwen2p5_7b__gsm8k_train_00058_43c88879__temp0.60__seed7,repair
qwen2p5_7b__gsm8k_train_00059_90db2977__temp0.60__seed7,corruption
qwen2p5_7b__gsm8k_train_00060_9b3f9448__temp0.60__seed7,repair
qwen2p5_7b__gsm8k_train_00061_0e425d85__temp0.60__seed7,repair
qwen2p5_7b__gsm8k_train_00062_8f0f003e__temp0.60__seed7,repair
qwen2p5_7b__gsm8k_train_00063_1418fe17__temp0.60__seed7,repair
qwen2p5_7b__gsm8k_train_00064_a2146c67__temp0.60__seed7,repair
qwen2p5_7b__gsm8k_train_00065_730f674d__temp0.60__seed7,repair
qwen2p5_7b__gsm8k_train_00066_657c5999__temp0.60__seed7,repair
qwen2p5_7b__gsm8k_train_00067_7ae2a064__temp0.60__seed7,repair
qwen2p5_7b__gsm8k_train_00068_76571793__temp0.60__seed7,repair
qwen2p5_7b__gsm8k_train_00069_d68659f7__temp0.60__seed7,corruption
qwen2p5_7b__gsm8k_train_00070_71b9fc29__temp0.60__seed7,repair
qwen2p5_7b__gsm8k_train_00071_c665e122__temp0.60__seed7,corruption
qwen2p5_7b__gsm8k_train_00072_29bf6ced__temp0.60__seed7,repair
qwen2p5_7b__gsm8k_train_00073_bba2194d__temp0.60__seed7,persistent_wrong
qwen2p5_7b__gsm8k_train_00074_f7b6c77d__temp0.60__seed7,repair
qwen2p5_7b__gsm8k_train_00075_701b0438__temp0.60__seed7,corruption
qwen2p5_7b__gsm8k_train_00076_4bc39af7__temp0.60__seed7,repair
qwen2p5_7b__gsm8k_train_00077_ef228274__temp0.60__seed7,repair
qwen2p5_7b__gsm8k_train_00078_8202f885__temp0.60__seed7,persistent_correct
qwen2p5_7b__gsm8k_train_00079_02bbd64d__temp0.60__seed7,persistent_wrong
qwen2p5_7b__gsm8k_train_00080_9c0e3ea5__temp0.60__seed7,repair
qwen2p5_7b__gsm8k_train_00081_0f393056__temp0.60__seed7,persistent_wrong
qwen2p5_7b__gsm8k_train_00082_3bc88e6c__temp0.60__seed7,repair
qwen2p5_7b__gsm8k_train_00083_51275bdc__temp0.60__seed7,corruption
qwen2p5_7b__gsm8k_train_00084_3f815691__temp0.60__seed7,persistent_wrong
qwen2p5_7b__gsm8k_train_00085_a89e3367__temp0.60__seed7,corruption
qwen2p5_7b__gsm8k_train_00086_af406602__temp0.60__seed7,persistent_correct
qwen2p5_7b__gsm8k_train_00087_c84aacb9__temp0.60__seed7,corruption
qwen2p5_7b__gsm8k_train_00088_f1f3640a__temp0.60__seed7,persistent_wrong
qwen2p5_7b__gsm8k_train_00089_2aacad9b__temp0.60__seed7,repair
qwen2p5_7b__gsm8k_train_00090_29b27436__temp0.60__seed7,persistent_correct
qwen2p5_7b__gsm8k_train_00091_448c3a36__temp0.60__seed7,repair
qwen2p5_7b__gsm8k_train_00092_223e8435__temp0.60__seed7,repair
qwen2p5_7b__gsm8k_train_00093_71d569f4__temp0.60__seed7,repair
qwen2p5_7b__gsm8k_train_00094_8eaa9faa__temp0.60__seed7,persistent_wrong
qwen2p5_7b__gsm8k_train_00095_284c5d46__temp0.60__seed7,persistent_correct
qwen2p5_7b__gsm8k_train_00096_6481a627__temp0.60__seed7,repair
qwen2p5_7b__gsm8k_train_00097_6bd27f05__temp0.60__seed7,corruption
qwen2p5_7b__gsm8k_train_00098_d726f63c__temp0.60__seed7,repair
qwen2p5_7b__gsm8k_train_00099_8293657a__temp0.60__seed7,corruption
qwen2p5_7b__gsm8k_train_00100_d5a06669__temp0.60__seed7,repair
qwen2p5_7b__gsm8k_train_00101_731d35d2__temp0.60__seed7,corruption
qwen2p5_7b__gsm8k_train_00102_0ea96c31__temp0.60__seed7,persistent_wrong
qwen2p5_7b__gsm8k_train_00103_230412df__temp0.60__seed7,repair
qwen2p5_7b__gsm8k_train_00104_d3998bd4__temp0.60__seed7,repair
qwen2p5_7b__gsm8k_train_00105_042a250a__temp0.60__seed7,repair
qwen2p5_7b__gsm8k_train_00106_8cad3b52__temp0.60__seed7,repair
qwen2p5_7b__gsm8k_train_00107_4caf115e__temp0.60__seed7,repair
qwen2p5_7b__gsm8k_train_00108_5ac22bd3__temp0.60__seed7,corruption
qwen2p5_7b__gsm8k_train_00109_92e23e8b__temp0.60__seed7,repair
qwen2p5_7b__gsm8k_train_00110_3f6b3060__temp0.60__seed7,repair
qwen2p5_7b__gsm8k_train_00111_d25ba2bc__temp0.60__seed7,repair
qwen2p5_7b__gsm8k_train_00112_d004953d__temp0.60__seed7,corruption
qwen2p5_7b__gsm8k_train_00113_4b07acb1__temp0.60__seed7,corruption
qwen2p5_7b__gsm8k_train_00114_475adb02__temp0.60__seed7,persistent_wrong
qwen2p5_7b__gsm8k_train_00115_2d23fc87__temp0.60__seed7,corruption
qwen2p5_7b__gsm8k_train_00116_2556d227__temp0.60__seed7,repair
qwen2p5_7b__gsm8k_train_00117_ad977811__temp0.60__seed7,repair
qwen2p5_7b__gsm8k_train_00118_a973f8cb__temp0.60__seed7,corruption
qwen2p5_7b__gsm8k_train_00119_0de1b1ef__temp0.60__seed7,repair
qwen2p5_7b__gsm8k_train_00120_7b987bc2__temp0.60__seed7,repair
qwen2p5_7b__gsm8k_train_00121_34e49988__temp0.60__seed7,repair
qwen2p5_7b__gsm8k_train_00122_85671496__temp0.60__seed7,persistent_correct
qwen2p5_7b__gsm8k_train_00123_9e888b7b__temp0.60__seed7,repair
qwen2p5_7b__gsm8k_train_00124_19913472__temp0.60__seed7,corruption
qwen2p5_7b__gsm8k_train_00125_484d3aab__temp0.60__seed7,corruption
qwen2p5_7b__gsm8k_train_00126_5c93c15c__temp0.60__seed7,repair
qwen2p5_7b__gsm8k_train_00127_7b9040bd__temp0.60__seed7,repair
qwen2p5_7b__gsm8k_train_00128_47ebf5c6__temp0.60__seed7,persistent_wrong
qwen2p5_7b__gsm8k_train_00129_c31ed05e__temp0.60__seed7,repair
qwen2p5_7b__gsm8k_train_00130_75dd171f__temp0.60__seed7,repair
qwen2p5_7b__gsm8k_train_00131_92ea4226__temp0.60__seed7,repair
qwen2p5_7b__gsm8k_train_00132_97d4fa7f__temp0.60__seed7,repair
qwen2p5_7b__gsm8k_train_00133_8d0b2ca9__temp0.60__seed7,repair
qwen2p5_7b__gsm8k_train_00134_0775ef2d__temp0.60__seed7,repair
qwen2p5_7b__gsm8k_train_00135_f0b99c1b__temp0.60__seed7,corruption
qwen2p5_7b__gsm8k_train_00136_5922bf98__temp0.60__seed7,corruption
qwen2p5_7b__gsm8k_train_00137_5ab5639d__temp0.60__seed7,repair
qwen2p5_7b__gsm8k_train_00138_96a94a19__temp0.60__seed7,persistent_wrong
qwen2p5_7b__gsm8k_train_00139_8d762338__temp0.60__seed7,repair
qwen2p5_7b__gsm8k_train_00140_55a37f13__temp0.60__seed7,repair
qwen2p5_7b__gsm8k_train_00141_a5275925__temp0.60__seed7,corruption
qwen2p5_7b__gsm8k_train_00142_534ffd84__temp0.60__seed7,repair
qwen2p5_7b__gsm8k_train_00143_b52213e4__temp0.60__seed7,corruption
qwen2p5_7b__gsm8k_train_00144_db61f2fd__temp0.60__seed7,corruption
qwen2p5_7b__gsm8k_train_00145_63fdba4d__temp0.60__seed7,repair
qwen2p5_7b__gsm8k_train_00146_84b32c93__temp0.60__seed7,repair
qwen2p5_7b__gsm8k_train_00147_986fd9cb__temp0.60__seed7,corruption
qwen2p5_7b__gsm8k_train_00148_063dff44__temp0.60__seed7,repair
qwen2p5_7b__gsm8k_train_00149_3771c034__temp0.60__seed7,repair
qwen2p5_7b__gsm8k_train_00150_e22b1bdf__temp0.60__seed7,persistent_correct
qwen2p5_7b__gsm8k_train_00151_4bb7eefb__temp0.60__seed7,corruption
qwen2p5_7b__gsm8k_train_00152_2cb74a26__temp0.60__seed7,repair
qwen2p5_7b__gsm8k_train_00153_afb1af8f__temp0.60__seed7,repair
qwen2p5_7b__gsm8k_train_00154_a9b9e3d8__temp0.60__seed7,corruption
qwen2p5_7b__gsm8k_train_00155_4c8b7c96__temp0.60__seed7,repair
qwen2p5_7b__gsm8k_train_00156_daa5c92b__temp0.60__seed7,repair
qwen2p5_7b__gsm8k_train_00157_2b8c0bdc__temp0.60__seed7,corruption
qwen2p5_7b__gsm8k_train_00158_e62259b6__temp0.60__seed7,repair
qwen2p5_7b__gsm8k_train_00159_aaf4fb3e__temp0.60__seed7,repair
qwen2p5_7b__gsm8k_train_00160_e3ca64fa__temp0.60__seed7,repair
qwen2p5_7b__gsm8k_train_00161_c9030195__temp0.60__seed7,repair
qwen2p5_7b__gsm8k_train_00162_c635097b__temp0.60__seed7,corruption
qwen2p5_7b__gsm8k_train_00163_8e8be5fe__temp0.60__seed7,repair
qwen2p5_7b__gsm8k_train_00164_04e62ecd__temp0.60__seed7,persistent_wrong
qwen2p5_7b__gsm8k_train_00165_3ec73ad9__temp0.60__seed7,repair
qwen2p5_7b__gsm8k_train_00166_99f3474a__temp0.60__seed7,persistent_wrong
qwen2p5_7b__gsm8k_train_00167_37f9f1d6__temp0.60__seed7,corruption
qwen2p5_7b__gsm8k_train_00168_70ab7e53__temp0.60__seed7,persistent_correct
qwen2p5_7b__gsm8k_train_00169_747e8aa0__temp0.60__seed7,corruption
qwen2p5_7b__gsm8k_train_00170_2924103d__temp0.60__seed7,corruption
qwen2p5_7b__gsm8k_train_00171_c0bf1711__temp0.60__seed7,persistent_wrong
qwen2p5_7b__gsm8k_train_00172_44814345__temp0.60__seed7,corruption
qwen2p5_7b__gsm8k_train_00173_be809155__temp0.60__seed7,repair
qwen2p5_7b__gsm8k_train_00174_1e0c256b__temp0.60__seed7,persistent_wrong
qwen2p5_7b__gsm8k_train_00175_0873326a__temp0.60__seed7,corruption
qwen2p5_7b__gsm8k_train_00176_719d94bb__temp0.60__seed7,repair
qwen2p5_7b__gsm8k_train_00177_0a2eb591__temp0.60__seed7,repair
qwen2p5_7b__gsm8k_train_00178_64a3b80d__temp0.60__seed7,corruption
qwen2p5_7b__gsm8k_train_00179_57585b14__temp0.60__seed7,corruption
qwen2p5_7b__gsm8k_train_00180_7346e14b__temp0.60__seed7,corruption
qwen2p5_7b__gsm8k_train_00181_f87f92a8__temp0.60__seed7,persistent_wrong
qwen2p5_7b__gsm8k_train_00182_2eae6ce0__temp0.60__seed7,repair
qwen2p5_7b__gsm8k_train_00183_6bbc3c67__temp0.60__seed7,corruption
qwen2p5_7b__gsm8k_train_00184_ea542884__temp0.60__seed7,repair
qwen2p5_7b__gsm8k_train_00185_f5fac061__temp0.60__seed7,persistent_wrong
qwen2p5_7b__gsm8k_train_00186_af04022d__temp0.60__seed7,corruption
qwen2p5_7b__gsm8k_train_00187_2192eb08__temp0.60__seed7,repair
qwen2p5_7b__gsm8k_train_00188_e8608578__temp0.60__seed7,repair
qwen2p5_7b__gsm8k_train_00189_96b03f19__temp0.60__seed7,repair
qwen2p5_7b__gsm8k_train_00190_c700b815__temp0.60__seed7,corruption
qwen2p5_7b__gsm8k_train_00191_bf2b3508__temp0.60__seed7,repair
qwen2p5_7b__gsm8k_train_00192_a2a05a17__temp0.60__seed7,repair
qwen2p5_7b__gsm8k_train_00193_316cb5a7__temp0.60__seed7,persistent_wrong
qwen2p5_7b__gsm8k_train_00194_fc7b694e__temp0.60__seed7,corruption
qwen2p5_7b__gsm8k_train_00195_f6ba9480__temp0.60__seed7,persistent_wrong
qwen2p5_7b__gsm8k_train_00196_4822538e__temp0.60__seed7,corruption
qwen2p5_7b__gsm8k_train_00197_f5b62414__temp0.60__seed7,repair
qwen2p5_7b__gsm8k_train_00198_116d0b0b__temp0.60__seed7,repair
qwen2p5_7b__gsm8k_train_00199_b1cae179__temp0.60__seed7,corruption
qwen2p5_7b__gsm8k_train_00200_86d3b46e__temp0.60__seed7,persistent_wrong
qwen2p5_7b__gsm8k_train_00201_88e5b94e__temp0.60__seed7,repair
qwen2p5_7b__gsm8k_train_00202_ef524e01__temp0.60__seed7,persistent_wrong
qwen2p5_7b__gsm8k_train_00203_70f13d8d__temp0.60__seed7,repair
qwen2p5_7b__gsm8k_train_00204_6479a9b2__temp0.60__seed7,persistent_wrong
qwen2p5_7b__gsm8k_train_00205_57eaa488__temp0.60__seed7,repair
qwen2p5_7b__gsm8k_train_00206_a81f9c02__temp0.60__seed7,repair
qwen2p5_7b__gsm8k_train_00207_003dddd0__temp0.60__seed7,repair
qwen2p5_7b__gsm8k_train_00208_0a589fae__temp0.60__seed7,repair
qwen2p5_7b__gsm8k_train_00209_95c80176__temp0.60__seed7,repair
qwen2p5_7b__gsm8k_train_00210_d6550c57__temp0.60__seed7,persistent_wrong
qwen2p5_7b__gsm8k_train_00211_c3c39b27__temp0.60__seed7,corruption
qwen2p5_7b__gsm8k_train_00212_553f7eb9__temp0.60__seed7,repair
qwen2p5_7b__gsm8k_train_00213_de93700d__temp0.60__seed7,repair
qwen2p5_7b__gsm8k_train_00214_1bd45727__temp0.60__seed7,corruption
qwen2p5_7b__gsm8k_train_00215_16f5d4da__temp0.60__seed7,repair
qwen2p5_7b__gsm8k_train_00216_04d03801__temp0.60__seed7,corruption
qwen2p5_7b__gsm8k_train_00217_c30f5981__temp0.60__seed7,repair
qwen2p5_7b__gsm8k_train_00218_7ca306c2__temp0.60__seed7,repair
qwen2p5_7b__gsm8k_train_00219_5da8c9d5__temp0.60__seed7,persistent_wrong
qwen2p5_7b__gsm8k_train_00220_6b7eb356__temp0.60__seed7,repair
qwen2p5_7b__gsm8k_train_00221_918943c8__temp0.60__seed7,corruption
qwen2p5_7b__gsm8k_train_00222_534318ae__temp0.60__seed7,corruption
qwen2p5_7b__gsm8k_train_00223_82fdc86b__temp0.60__seed7,persistent_wrong
qwen2p5_7b__gsm8k_train_00224_5b9ba692__temp0.60__seed7,corruption
qwen2p5_7b__gsm8k_train_00225_eb4c19c6__temp0.60__seed7,persistent_wrong
qwen2p5_7b__gsm8k_train_00226_39aa0b05__temp0.60__seed7,corruption
qwen2p5_7b__gsm8k_train_00227_74dc6fd7__temp0.60__seed7,persistent_correct
qwen2p5_7b__gsm8k_train_00228_fa209c1f__temp0.60__seed7,corruption
qwen2p5_7b__gsm8k_train_00229_ee69cf41__temp0.60__seed7,repair
qwen2p5_7b__gsm8k_train_00230_6d66ebf2__temp0.60__seed7,repair
qwen2p5_7b__gsm8k_train_00231_cedef501__temp0.60__seed7,persistent_correct
qwen2p5_7b__gsm8k_train_00232_cc297bcb__temp0.60__seed7,repair
qwen2p5_7b__gsm8k_train_00233_a24de4df__temp0.60__seed7,corruption
qwen2p5_7b__gsm8k_train_00234_dec70119__temp0.60__seed7,repair
qwen2p5_7b__gsm8k_train_00235_16021bf2__temp0.60__seed7,repair
qwen2p5_7b__gsm8k_train_00236_88a38078__temp0.60__seed7,persistent_wrong
qwen2p5_7b__gsm8k_train_00237_e53550f2__temp0.60__seed7,repair
qwen2p5_7b__gsm8k_train_00238_a8724a09__temp0.60__seed7,repair
qwen2p5_7b__gsm8k_train_00239_be0432a3__temp0.60__seed7,repair
qwen2p5_7b__gsm8k_train_00240_e99722ca__temp0.60__seed7,repair
qwen2p5_7b__gsm8k_train_00241_1f578d8b__temp0.60__seed7,repair
qwen2p5_7b__gsm8k_train_00242_ae567c96__temp0.60__seed7,persistent_wrong
qwen2p5_7b__gsm8k_train_00243_72ceeee9__temp0.60__seed7,corruption
qwen2p5_7b__gsm8k_train_00244_3afa39a0__temp0.60__seed7,repair
qwen2p5_7b__gsm8k_train_00245_9d0c6381__temp0.60__seed7,repair
qwen2p5_7b__gsm8k_train_00246_2893b455__temp0.60__seed7,persistent_correct
qwen2p5_7b__gsm8k_train_00247_75fad492__temp0.60__seed7,repair
qwen2p5_7b__gsm8k_train_00248_c4586363__temp0.60__seed7,repair
qwen2p5_7b__gsm8k_train_00249_53256b7e__temp0.60__seed7,persistent_wrong
qwen2p5_7b__gsm8k_train_00250_52f63717__temp0.60__seed7,repair
qwen2p5_7b__gsm8k_train_00251_6a00efba__temp0.60__seed7,persistent_wrong
qwen2p5_7b__gsm8k_train_00252_fa7c84f4__temp0.60__seed7,persistent_wrong
qwen2p5_7b__gsm8k_train_00253_66aefa74__temp0.60__seed7,persistent_wrong
qwen2p5_7b__gsm8k_train_00254_b24e02a5__temp0.60__seed7,repair
qwen2p5_7b__gsm8k_train_00255_f29b83f7__temp0.60__seed7,persistent_wrong
qwen2p5_7b__gsm8k_train_00256_e43dba3a__temp0.60__seed7,repair
qwen2p5_7b__gsm8k_train_00257_b629f4b9__temp0.60__seed7,repair
qwen2p5_7b__gsm8k_train_00258_5f7ebd32__temp0.60__seed7,corruption
qwen2p5_7b__gsm8k_train_00259_04d1467c__temp0.60__seed7,repair
qwen2p5_7b__gsm8k_train_00260_b1adc13c__temp0.60__seed7,corruption
qwen2p5_7b__gsm8k_train_00261_8a43e108__temp0.60__seed7,corruption
qwen2p5_7b__gsm8k_train_00262_81925122__temp0.60__seed7,corruption
qwen2p5_7b__gsm8k_train_00263_e37d331e__temp0.60__seed7,repair
qwen2p5_7b__gsm8k_train_00264_bac7a4b2__temp0.60__seed7,repair
qwen2p5_7b__gsm8k_train_00265_e3f05de9__temp0.60__seed7,persistent_wrong
qwen2p5_7b__gsm8k_train_00266_454f6dc0__temp0.60__seed7,repair
qwen2p5_7b__gsm8k_train_00267_c3dce41c__temp0.60__seed7,corruption
qwen2p5_7b__gsm8k_train_00268_a5745e31__temp0.60__seed7,repair
qwen2p5_7b__gsm8k_train_00269_ed1098a8__temp0.60__seed7,repair
qwen2p5_7b__gsm8k_train_00270_55185930__temp0.60__seed7,repair
qwen2p5_7b__gsm8k_train_00271_5eea4943__temp0.60__seed7,repair
qwen2p5_7b__gsm8k_train_00272_27eebeec__temp0.60__seed7,repair
qwen2p5_7b__gsm8k_train_00273_b495e813__temp0.60__seed7,corruption
qwen2p5_7b__gsm8k_train_00274_03180f5b__temp0.60__seed7,repair
qwen2p5_7b__gsm8k_train_00275_bf17b203__temp0.60__seed7,repair
qwen2p5_7b__gsm8k_train_00276_4674940d__temp0.60__seed7,corruption
qwen2p5_7b__gsm8k_train_00277_fc707c92__temp0.60__seed7,repair
qwen2p5_7b__gsm8k_train_00278_1bea983e__temp0.60__seed7,repair
qwen2p5_7b__gsm8k_train_00279_37085dc5__temp0.60__seed7,persistent_correct
qwen2p5_7b__gsm8k_train_00280_a1255acc__temp0.60__seed7,repair
qwen2p5_7b__gsm8k_train_00281_a116f238__temp0.60__seed7,corruption
qwen2p5_7b__gsm8k_train_00282_351b3e99__temp0.60__seed7,corruption
qwen2p5_7b__gsm8k_train_00283_1ed728b7__temp0.60__seed7,corruption
qwen2p5_7b__gsm8k_train_00284_101eec9e__temp0.60__seed7,corruption
qwen2p5_7b__gsm8k_train_00285_b01cf570__temp0.60__seed7,persistent_correct
qwen2p5_7b__gsm8k_train_00286_c511337a__temp0.60__seed7,persistent_wrong
qwen2p5_7b__gsm8k_train_00287_759f3ccd__temp0.60__seed7,repair
qwen2p5_7b__gsm8k_train_00288_9941b54a__temp0.60__seed7,repair
qwen2p5_7b__gsm8k_train_00289_78b6355f__temp0.60__seed7,persistent_wrong
qwen2p5_7b__gsm8k_train_00290_793c43a0__temp0.60__seed7,repair
qwen2p5_7b__gsm8k_train_00291_222e4b93__temp0.60__seed7,repair
qwen2p5_7b__gsm8k_train_00292_613e5bf6__temp0.60__seed7,repair
qwen2p5_7b__gsm8k_train_00293_2ed3e21c__temp0.60__seed7,repair
qwen2p5_7b__gsm8k_train_00294_c1d5fdf8__temp0.60__seed7,repair
qwen2p5_7b__gsm8k_train_00295_9256fde3__temp0.60__seed7,persistent_wrong
qwen2p5_7b__gsm8k_train_00296_9984d811__temp0.60__seed7,corruption
qwen2p5_7b__gsm8k_train_00297_5f9c19ec__temp0.60__seed7,persistent_wrong
qwen2p5_7b__gsm8k_train_00298_f172703b__temp0.60__seed7,repair
qwen2p5_7b__gsm8k_train_00299_55e7dd80__temp0.60__seed7,persistent_wrong
qwen2p5_7b__gsm8k_train_00000_b5828bc4__temp1.00__seed7,persistent_correct
qwen2p5_7b__gsm8k_train_00001_3691caf7__temp1.00__seed7,corruption
qwen2p5_7b__gsm8k_train_00002_ae407466__temp1.00__seed7,persistent_wrong
qwen2p5_7b__gsm8k_train_00003_135cf83f__temp1.00__seed7,corruption
qwen2p5_7b__gsm8k_train_00004_3ee48c01__temp1.00__seed7,persistent_wrong
qwen2p5_7b__gsm8k_train_00005_d0817615__temp1.00__seed7,persistent_wrong
qwen2p5_7b__gsm8k_train_00006_4cf43e2d__temp1.00__seed7,repair
qwen2p5_7b__gsm8k_train_00007_40d1aba4__temp1.00__seed7,persistent_correct
qwen2p5_7b__gsm8k_train_00008_cd4fe6cf__temp1.00__seed7,corruption
qwen2p5_7b__gsm8k_train_00009_a1cbbbd0__temp1.00__seed7,repair
qwen2p5_7b__gsm8k_train_00010_8c587dfb__temp1.00__seed7,persistent_wrong
qwen2p5_7b__gsm8k_train_00011_127045f3__temp1.00__seed7,corruption
qwen2p5_7b__gsm8k_train_00012_6cf7f4b8__temp1.00__seed7,persistent_wrong
qwen2p5_7b__gsm8k_train_00013_6f2b17c2__temp1.00__seed7,repair
qwen2p5_7b__gsm8k_train_00014_f0103a9f__temp1.00__seed7,persistent_wrong
qwen2p5_7b__gsm8k_train_00015_20b7f79a__temp1.00__seed7,repair
qwen2p5_7b__gsm8k_train_00016_0cef7ca3__temp1.00__seed7,repair
qwen2p5_7b__gsm8k_train_00017_89d492f6__temp1.00__seed7,repair
qwen2p5_7b__gsm8k_train_00018_86b6a534__temp1.00__seed7,persistent_wrong
qwen2p5_7b__gsm8k_train_00019_fe91f244__temp1.00__seed7,corruption
qwen2p5_7b__gsm8k_train_00020_7d8a849a__temp1.00__seed7,persistent_wrong
qwen2p5_7b__gsm8k_train_00021_8849281d__temp1.00__seed7,corruption
qwen2p5_7b__gsm8k_train_00022_80c4da46__temp1.00__seed7,repair
qwen2p5_7b__gsm8k_train_00023_5c659510__temp1.00__seed7,persistent_correct
qwen2p5_7b__gsm8k_train_00024_f139cc04__temp1.00__seed7,persistent_wrong
qwen2p5_7b__gsm8k_train_00025_1a030c71__temp1.00__seed7,repair
qwen2p5_7b__gsm8k_train_00026_bf9e0c24__temp1.00__seed7,persistent_wrong
qwen2p5_7b__gsm8k_train_00027_21e7ba75__temp1.00__seed7,repair
qwen2p5_7b__gsm8k_train_00028_07c2d0db__temp1.00__seed7,corruption
qwen2p5_7b__gsm8k_train_00029_9fc74e20__temp1.00__seed7,repair
qwen2p5_7b__gsm8k_train_00030_4f09989a__temp1.00__seed7,repair
qwen2p5_7b__gsm8k_train_00031_1c0c7800__temp1.00__seed7,persistent_wrong
qwen2p5_7b__gsm8k_train_00032_366614d9__temp1.00__seed7,corruption
qwen2p5_7b__gsm8k_train_00033_285b14f1__temp1.00__seed7,repair
qwen2p5_7b__gsm8k_train_00034_b46e2eee__temp1.00__seed7,corruption
qwen2p5_7b__gsm8k_train_00035_e581c993__temp1.00__seed7,repair
qwen2p5_7b__gsm8k_train_00036_5cc8bffa__temp1.00__seed7,corruption
qwen2p5_7b__gsm8k_train_00037_59a9e4e3__temp1.00__seed7,repair
qwen2p5_7b__gsm8k_train_00038_40afacc8__temp1.00__seed7,corruption
qwen2p5_7b__gsm8k_train_00039_3f079edf__temp1.00__seed7,corruption
qwen2p5_7b__gsm8k_train_00040_26fced6d__temp1.00__seed7,persistent_wrong
qwen2p5_7b__gsm8k_train_00041_a5b39aca__temp1.00__seed7,repair
qwen2p5_7b__gsm8k_train_00042_90e751d7__temp1.00__seed7,repair
qwen2p5_7b__gsm8k_train_00043_94f5ad37__temp1.00__seed7,repair
qwen2p5_7b__gsm8k_train_00044_9c745cd7__temp1.00__seed7,corruption
qwen2p5_7b__gsm8k_train_00045_6652e47d__temp1.00__seed7,corruption
qwen2p5_7b__gsm8k_train_00046_9575ad8f__temp1.00__seed7,persistent_correct
qwen2p5_7b__gsm8k_train_00047_f2440a00__temp1.00__seed7,corruption
qwen2p5_7b__gsm8k_train_00048_11e2cfda__temp1.00__seed7,corruption
qwen2p5_7b__gsm8k_train_00049_47b14786__temp1.00__seed7,corruption
qwen2p5_7b__gsm8k_train_00050_573850e8__temp1.00__seed7,corruption
qwen2p5_7b__gsm8k_train_00051_45d98db9__temp1.00__seed7,repair
qwen2p5_7b__gsm8k_train_00052_62a46c30__temp1.00__seed7,corruption
qwen2p5_7b__gsm8k_train_00053_0f2bea45__temp1.00__seed7,corruption
qwen2p5_7b__gsm8k_train_00054_2dc1e445__temp1.00__seed7,corruption
qwen2p5_7b__gsm8k_train_00055_0a51a335__temp1.00__seed7,corruption
qwen2p5_7b__gsm8k_train_00056_1e4c2fc2__temp1.00__seed7,persistent_wrong
qwen2p5_7b__gsm8k_train_00057_57b7f2d4__temp1.00__seed7,corruption
qwen2p5_7b__gsm8k_train_00058_43c88879__temp1.00__seed7,repair
qwen2p5_7b__gsm8k_train_00059_90db2977__temp1.00__seed7,repair
qwen2p5_7b__gsm8k_train_00060_9b3f9448__temp1.00__seed7,repair
qwen2p5_7b__gsm8k_train_00061_0e425d85__temp1.00__seed7,repair
qwen2p5_7b__gsm8k_train_00062_8f0f003e__temp1.00__seed7,corruption
qwen2p5_7b__gsm8k_train_00063_1418fe17__temp1.00__seed7,repair
qwen2p5_7b__gsm8k_train_00064_a2146c67__temp1.00__seed7,persistent_correct
qwen2p5_7b__gsm8k_train_00065_730f674d__temp1.00__seed7,repair
qwen2p5_7b__gsm8k_train_00066_657c5999__temp1.00__seed7,corruption
qwen2p5_7b__gsm8k_train_00067_7ae2a064__temp1.00__seed7,persistent_wrong
qwen2p5_7b__gsm8k_train_00068_76571793__temp1.00__seed7,repair
qwen2p5_7b__gsm8k_train_00069_d68659f7__temp1.00__seed7,corruption
qwen2p5_7b__gsm8k_train_00070_71b9fc29__temp1.00__seed7,persistent_wrong
qwen2p5_7b__gsm8k_train_00071_c665e122__temp1.00__seed7,persistent_correct
qwen2p5_7b__gsm8k_train_00072_29bf6ced__temp1.00__seed7,corruption
qwen2p5_7b__gsm8k_train_00073_bba2194d__temp1.00__seed7,repair
qwen2p5_7b__gsm8k_train_00074_f7b6c77d__temp1.00__seed7,corruption
qwen2p5_7b__gsm8k_train_00075_701b0438__temp1.00__seed7,persistent_correct
qwen2p5_7b__gsm8k_train_00076_4bc39af7__temp1.00__seed7,repair
qwen2p5_7b__gsm8k_train_00077_ef228274__temp1.00__seed7,repair
qwen2p5_7b__gsm8k_train_00078_8202f885__temp1.00__seed7,repair
qwen2p5_7b__gsm8k_train_00079_02bbd64d__temp1.00__seed7,repair
qwen2p5_7b__gsm8k_train_00080_9c0e3ea5__temp1.00__seed7,corruption
qwen2p5_7b__gsm8k_train_00081_0f393056__temp1.00__seed7,persistent_wrong
qwen2p5_7b__gsm8k_train_00082_3bc88e6c__temp1.00__seed7,corruption
qwen2p5_7b__gsm8k_train_00083_51275bdc__temp1.00__seed7,corruption
qwen2p5_7b__gsm8k_train_00084_3f815691__temp1.00__seed7,corruption
qwen2p5_7b__gsm8k_train_00085_a89e3367__temp1.00__seed7,repair
qwen2p5_7b__gsm8k_train_00086_af406602__temp1.00__seed7,corruption
qwen2p5_7b__gsm8k_train_00087_c84aacb9__temp1.00__seed7,corruption
qwen2p5_7b__gsm8k_train_00088_f1f3640a__temp1.00__seed7,corruption
qwen2p5_7b__gsm8k_train_00089_2aacad9b__temp1.00__seed7,corruption
qwen2p5_7b__gsm8k_train_00090_29b27436__temp1.00__seed7,corruption
qwen2p5_7b__gsm8k_train_00091_448c3a36__temp1.00__seed7,corruption
qwen2p5_7b__gsm8k_train_00092_223e8435__temp1.00__seed7,repair
qwen2p5_7b__gsm8k_train_00093_71d569f4__temp1.00__seed7,repair
qwen2p5_7b__gsm8k_train_00094_8eaa9faa__temp1.00__seed7,corruption
qwen2p5_7b__gsm8k_train_00095_284c5d46__temp1.00__seed7,persistent_correct
qwen2p5_7b__gsm8k_train_00096_6481a627__temp1.00__seed7,corruption
qwen2p5_7b__gsm8k_train_00097_6bd27f05__temp1.00__seed7,corruption
qwen2p5_7b__gsm8k_train_00098_d726f63c__temp1.00__seed7,repair
qwen2p5_7b__gsm8k_train_00099_8293657a__temp1.00__seed7,corruption
qwen2p5_7b__gsm8k_train_00100_d5a06669__temp1.00__seed7,corruption
qwen2p5_7b__gsm8k_train_00101_731d35d2__temp1.00__seed7,repair
qwen2p5_7b__gsm8k_train_00102_0ea96c31__temp1.00__seed7,persistent_wrong
qwen2p5_7b__gsm8k_train_00103_230412df__temp1.00__seed7,corruption
qwen2p5_7b__gsm8k_train_00104_d3998bd4__temp1.00__seed7,corruption
qwen2p5_7b__gsm8k_train_00105_042a250a__temp1.00__seed7,repair
qwen2p5_7b__gsm8k_train_00106_8cad3b52__temp1.00__seed7,corruption
qwen2p5_7b__gsm8k_train_00107_4caf115e__temp1.00__seed7,persistent_wrong
qwen2p5_7b__gsm8k_train_00108_5ac22bd3__temp1.00__seed7,repair
qwen2p5_7b__gsm8k_train_00109_92e23e8b__temp1.00__seed7,repair
qwen2p5_7b__gsm8k_train_00110_3f6b3060__temp1.00__seed7,repair
qwen2p5_7b__gsm8k_train_00111_d25ba2bc__temp1.00__seed7,repair
qwen2p5_7b__gsm8k_train_00112_d004953d__temp1.00__seed7,repair
qwen2p5_7b__gsm8k_train_00113_4b07acb1__temp1.00__seed7,repair
qwen2p5_7b__gsm8k_train_00114_475adb02__temp1.00__seed7,persistent_wrong
qwen2p5_7b__gsm8k_train_00115_2d23fc87__temp1.00__seed7,repair
qwen2p5_7b__gsm8k_train_00116_2556d227__temp1.00__seed7,corruption
qwen2p5_7b__gsm8k_train_00117_ad977811__temp1.00__seed7,persistent_wrong
qwen2p5_7b__gsm8k_train_00118_a973f8cb__temp1.00__seed7,corruption
qwen2p5_7b__gsm8k_train_00119_0de1b1ef__temp1.00__seed7,repair
qwen2p5_7b__gsm8k_train_00120_7b987bc2__temp1.00__seed7,repair
qwen2p5_7b__gsm8k_train_00121_34e49988__temp1.00__seed7,repair
qwen2p5_7b__gsm8k_train_00122_85671496__temp1.00__seed7,corruption
qwen2p5_7b__gsm8k_train_00123_9e888b7b__temp1.00__seed7,persistent_wrong
qwen2p5_7b__gsm8k_train_00124_19913472__temp1.00__seed7,repair
qwen2p5_7b__gsm8k_train_00125_484d3aab__temp1.00__seed7,corruption
qwen2p5_7b__gsm8k_train_00126_5c93c15c__temp1.00__seed7,repair
qwen2p5_7b__gsm8k_train_00127_7b9040bd__temp1.00__seed7,corruption
qwen2p5_7b__gsm8k_train_00128_47ebf5c6__temp1.00__seed7,repair
qwen2p5_7b__gsm8k_train_00129_c31ed05e__temp1.00__seed7,repair
qwen2p5_7b__gsm8k_train_00130_75dd171f__temp1.00__seed7,persistent_wrong
qwen2p5_7b__gsm8k_train_00131_92ea4226__temp1.00__seed7,persistent_wrong
qwen2p5_7b__gsm8k_train_00132_97d4fa7f__temp1.00__seed7,corruption
qwen2p5_7b__gsm8k_train_00133_8d0b2ca9__temp1.00__seed7,repair
qwen2p5_7b__gsm8k_train_00134_0775ef2d__temp1.00__seed7,repair
qwen2p5_7b__gsm8k_train_00135_f0b99c1b__temp1.00__seed7,persistent_wrong
qwen2p5_7b__gsm8k_train_00136_5922bf98__temp1.00__seed7,persistent_correct
qwen2p5_7b__gsm8k_train_00137_5ab5639d__temp1.00__seed7,repair
qwen2p5_7b__gsm8k_train_00138_96a94a19__temp1.00__seed7,repair
qwen2p5_7b__gsm8k_train_00139_8d762338__temp1.00__seed7,repair
qwen2p5_7b__gsm8k_train_00140_55a37f13__temp1.00__seed7,persistent_wrong
qwen2p5_7b__gsm8k_train_00141_a5275925__temp1.00__seed7,corruption
qwen2p5_7b__gsm8k_train_00142_534ffd84__temp1.00__seed7,repair
qwen2p5_7b__gsm8k_train_00143_b52213e4__temp1.00__seed7,corruption
qwen2p5_7b__gsm8k_train_00144_db61f2fd__temp1.00__seed7,corruption
qwen2p5_7b__gsm8k_train_00145_63fdba4d__temp1.00__seed7,repair
qwen2p5_7b__gsm8k_train_00146_84b32c93__temp1.00__seed7,corruption
qwen2p5_7b__gsm8k_train_00147_986fd9cb__temp1.00__seed7,persistent_wrong
qwen2p5_7b__gsm8k_train_00148_063dff44__temp1.00__seed7,repair
qwen2p5_7b__gsm8k_train_00149_3771c034__temp1.00__seed7,corruption
qwen2p5_7b__gsm8k_train_00150_e22b1bdf__temp1.00__seed7,corruption
qwen2p5_7b__gsm8k_train_00151_4bb7eefb__temp1.00__seed7,corruption
qwen2p5_7b__gsm8k_train_00152_2cb74a26__temp1.00__seed7,persistent_wrong
qwen2p5_7b__gsm8k_train_00153_afb1af8f__temp1.00__seed7,corruption
qwen2p5_7b__gsm8k_train_00154_a9b9e3d8__temp1.00__seed7,repair
qwen2p5_7b__gsm8k_train_00155_4c8b7c96__temp1.00__seed7,persistent_wrong
qwen2p5_7b__gsm8k_train_00156_daa5c92b__temp1.00__seed7,corruption
qwen2p5_7b__gsm8k_train_00157_2b8c0bdc__temp1.00__seed7,repair
qwen2p5_7b__gsm8k_train_00158_e62259b6__temp1.00__seed7,repair
qwen2p5_7b__gsm8k_train_00159_aaf4fb3e__temp1.00__seed7,repair
qwen2p5_7b__gsm8k_train_00160_e3ca64fa__temp1.00__seed7,repair
qwen2p5_7b__gsm8k_train_00161_c9030195__temp1.00__seed7,persistent_wrong
qwen2p5_7b__gsm8k_train_00162_c635097b__temp1.00__seed7,repair
qwen2p5_7b__gsm8k_train_00163_8e8be5fe__temp1.00__seed7,repair
qwen2p5_7b__gsm8k_train_00164_04e62ecd__temp1.00__seed7,corruption
qwen2p5_7b__gsm8k_train_00165_3ec73ad9__temp1.00__seed7,repair
qwen2p5_7b__gsm8k_train_00166_99f3474a__temp1.00__seed7,repair
qwen2p5_7b__gsm8k_train_00167_37f9f1d6__temp1.00__seed7,repair
qwen2p5_7b__gsm8k_train_00168_70ab7e53__temp1.00__seed7,corruption
qwen2p5_7b__gsm8k_train_00169_747e8aa0__temp1.00__seed7,corruption
qwen2p5_7b__gsm8k_train_00170_2924103d__temp1.00__seed7,corruption
qwen2p5_7b__gsm8k_train_00171_c0bf1711__temp1.00__seed7,corruption
qwen2p5_7b__gsm8k_train_00172_44814345__temp1.00__seed7,corruption
qwen2p5_7b__gsm8k_train_00173_be809155__temp1.00__seed7,repair
qwen2p5_7b__gsm8k_train_00174_1e0c256b__temp1.00__seed7,corruption
qwen2p5_7b__gsm8k_train_00175_0873326a__temp1.00__seed7,repair
qwen2p5_7b__gsm8k_train_00176_719d94bb__temp1.00__seed7,corruption
qwen2p5_7b__gsm8k_train_00177_0a2eb591__temp1.00__seed7,repair
qwen2p5_7b__gsm8k_train_00178_64a3b80d__temp1.00__seed7,corruption
qwen2p5_7b__gsm8k_train_00179_57585b14__temp1.00__seed7,corruption
qwen2p5_7b__gsm8k_train_00180_7346e14b__temp1.00__seed7,corruption
qwen2p5_7b__gsm8k_train_00181_f87f92a8__temp1.00__seed7,persistent_wrong
qwen2p5_7b__gsm8k_train_00182_2eae6ce0__temp1.00__seed7,corruption
qwen2p5_7b__gsm8k_train_00183_6bbc3c67__temp1.00__seed7,repair
qwen2p5_7b__gsm8k_train_00184_ea542884__temp1.00__seed7,persistent_wrong
qwen2p5_7b__gsm8k_train_00185_f5fac061__temp1.00__seed7,corruption
qwen2p5_7b__gsm8k_train_00186_af04022d__temp1.00__seed7,corruption
qwen2p5_7b__gsm8k_train_00187_2192eb08__temp1.00__seed7,persistent_wrong
qwen2p5_7b__gsm8k_train_00188_e8608578__temp1.00__seed7,repair
qwen2p5_7b__gsm8k_train_00189_96b03f19__temp1.00__seed7,persistent_wrong
qwen2p5_7b__gsm8k_train_00190_c700b815__temp1.00__seed7,corruption
qwen2p5_7b__gsm8k_train_00191_bf2b3508__temp1.00__seed7,persistent_wrong
qwen2p5_7b__gsm8k_train_00192_a2a05a17__temp1.00__seed7,repair
qwen2p5_7b__gsm8k_train_00193_316cb5a7__temp1.00__seed7,persistent_wrong
qwen2p5_7b__gsm8k_train_00194_fc7b694e__temp1.00__seed7,corruption
qwen2p5_7b__gsm8k_train_00195_f6ba9480__temp1.00__seed7,persistent_wrong
qwen2p5_7b__gsm8k_train_00196_4822538e__temp1.00__seed7,persistent_wrong
qwen2p5_7b__gsm8k_train_00197_f5b62414__temp1.00__seed7,repair
qwen2p5_7b__gsm8k_train_00198_116d0b0b__temp1.00__seed7,repair
qwen2p5_7b__gsm8k_train_00199_b1cae179__temp1.00__seed7,repair
qwen2p5_7b__gsm8k_train_00200_86d3b46e__temp1.00__seed7,repair
qwen2p5_7b__gsm8k_train_00201_88e5b94e__temp1.00__seed7,repair
qwen2p5_7b__gsm8k_train_00202_ef524e01__temp1.00__seed7,repair
qwen2p5_7b__gsm8k_train_00203_70f13d8d__temp1.00__seed7,persistent_wrong
qwen2p5_7b__gsm8k_train_00204_6479a9b2__temp1.00__seed7,persistent_wrong
qwen2p5_7b__gsm8k_train_00205_57eaa488__temp1.00__seed7,corruption
qwen2p5_7b__gsm8k_train_00206_a81f9c02__temp1.00__seed7,repair
qwen2p5_7b__gsm8k_train_00207_003dddd0__temp1.00__seed7,corruption
qwen2p5_7b__gsm8k_train_00208_0a589fae__temp1.00__seed7,repair
qwen2p5_7b__gsm8k_train_00209_95c80176__temp1.00__seed7,repair
qwen2p5_7b__gsm8k_train_00210_d6550c57__temp1.00__seed7,repair
qwen2p5_7b__gsm8k_train_00211_c3c39b27__temp1.00__seed7,repair
qwen2p5_7b__gsm8k_train_00212_553f7eb9__temp1.00__seed7,corruption
qwen2p5_7b__gsm8k_train_00213_de93700d__temp1.00__seed7,persistent_wrong
qwen2p5_7b__gsm8k_train_00214_1bd45727__temp1.00__seed7,persistent_correct
qwen2p5_7b__gsm8k_train_00215_16f5d4da__temp1.00__seed7,repair
qwen2p5_7b__gsm8k_train_00216_04d03801__temp1.00__seed7,repair
qwen2p5_7b__gsm8k_train_00217_c30f5981__temp1.00__seed7,persistent_wrong
qwen2p5_7b__gsm8k_train_00218_7ca306c2__temp1.00__seed7,repair
qwen2p5_7b__gsm8k_train_00219_5da8c9d5__temp1.00__seed7,persistent_wrong
qwen2p5_7b__gsm8k_train_00220_6b7eb356__temp1.00__seed7,corruption
qwen2p5_7b__gsm8k_train_00221_918943c8__temp1.00__seed7,repair
qwen2p5_7b__gsm8k_train_00222_534318ae__temp1.00__seed7,repair
qwen2p5_7b__gsm8k_train_00223_82fdc86b__temp1.00__seed7,corruption
qwen2p5_7b__gsm8k_train_00224_5b9ba692__temp1.00__seed7,persistent_correct
qwen2p5_7b__gsm8k_train_00225_eb4c19c6__temp1.00__seed7,persistent_correct
qwen2p5_7b__gsm8k_train_00226_39aa0b05__temp1.00__seed7,corruption
qwen2p5_7b__gsm8k_train_00227_74dc6fd7__temp1.00__seed7,corruption
qwen2p5_7b__gsm8k_train_00228_fa209c1f__temp1.00__seed7,repair
qwen2p5_7b__gsm8k_train_00229_ee69cf41__temp1.00__seed7,repair
qwen2p5_7b__gsm8k_train_00230_6d66ebf2__temp1.00__seed7,repair
qwen2p5_7b__gsm8k_train_00231_cedef501__temp1.00__seed7,repair
qwen2p5_7b__gsm8k_train_00232_cc297bcb__temp1.00__seed7,corruption
qwen2p5_7b__gsm8k_train_00233_a24de4df__temp1.00__seed7,persistent_wrong
qwen2p5_7b__gsm8k_train_00234_dec70119__temp1.00__seed7,repair
qwen2p5_7b__gsm8k_train_00235_16021bf2__temp1.00__seed7,corruption
qwen2p5_7b__gsm8k_train_00236_88a38078__temp1.00__seed7,corruption
qwen2p5_7b__gsm8k_train_00237_e53550f2__temp1.00__seed7,repair
qwen2p5_7b__gsm8k_train_00238_a8724a09__temp1.00__seed7,repair
qwen2p5_7b__gsm8k_train_00239_be0432a3__temp1.00__seed7,persistent_wrong
qwen2p5_7b__gsm8k_train_00240_e99722ca__temp1.00__seed7,corruption
qwen2p5_7b__gsm8k_train_00241_1f578d8b__temp1.00__seed7,repair
qwen2p5_7b__gsm8k_train_00242_ae567c96__temp1.00__seed7,corruption
qwen2p5_7b__gsm8k_train_00243_72ceeee9__temp1.00__seed7,persistent_correct
qwen2p5_7b__gsm8k_train_00244_3afa39a0__temp1.00__seed7,repair
qwen2p5_7b__gsm8k_train_00245_9d0c6381__temp1.00__seed7,corruption
qwen2p5_7b__gsm8k_train_00246_2893b455__temp1.00__seed7,corruption
qwen2p5_7b__gsm8k_train_00247_75fad492__temp1.00__seed7,corruption
qwen2p5_7b__gsm8k_train_00248_c4586363__temp1.00__seed7,repair
qwen2p5_7b__gsm8k_train_00249_53256b7e__temp1.00__seed7,repair
qwen2p5_7b__gsm8k_train_00250_52f63717__temp1.00__seed7,corruption
qwen2p5_7b__gsm8k_train_00251_6a00efba__temp1.00__seed7,persistent_wrong
qwen2p5_7b__gsm8k_train_00252_fa7c84f4__temp1.00__seed7,persistent_wrong
qwen2p5_7b__gsm8k_train_00253_66aefa74__temp1.00__seed7,persistent_wrong
qwen2p5_7b__gsm8k_train_00254_b24e02a5__temp1.00__seed7,repair
qwen2p5_7b__gsm8k_train_00255_f29b83f7__temp1.00__seed7,persistent_correct
qwen2p5_7b__gsm8k_train_00256_e43dba3a__temp1.00__seed7,persistent_correct
qwen2p5_7b__gsm8k_train_00257_b629f4b9__temp1.00__seed7,repair
qwen2p5_7b__gsm8k_train_00258_5f7ebd32__temp1.00__seed7,repair
qwen2p5_7b__gsm8k_train_00259_04d1467c__temp1.00__seed7,repair
qwen2p5_7b__gsm8k_train_00260_b1adc13c__temp1.00__seed7,corruption
qwen2p5_7b__gsm8k_train_00261_8a43e108__temp1.00__seed7,persistent_wrong
qwen2p5_7b__gsm8k_train_00262_81925122__temp1.00__seed7,corruption
qwen2p5_7b__gsm8k_train_00263_e37d331e__temp1.00__seed7,repair
qwen2p5_7b__gsm8k_train_00264_bac7a4b2__temp1.00__seed7,repair
qwen2p5_7b__gsm8k_train_00265_e3f05de9__temp1.00__seed7,repair
qwen2p5_7b__gsm8k_train_00266_454f6dc0__temp1.00__seed7,repair
qwen2p5_7b__gsm8k_train_00267_c3dce41c__temp1.00__seed7,repair
qwen2p5_7b__gsm8k_train_00268_a5745e31__temp1.00__seed7,corruption
qwen2p5_7b__gsm8k_train_00269_ed1098a8__temp1.00__seed7,corruption
qwen2p5_7b__gsm8k_train_00270_55185930__temp1.00__seed7,persistent_wrong
qwen2p5_7b__gsm8k_train_00271_5eea4943__temp1.00__seed7,repair
qwen2p5_7b__gsm8k_train_00272_27eebeec__temp1.00__seed7,corruption
qwen2p5_7b__gsm8k_train_00273_b495e813__temp1.00__seed7,corruption
qwen2p5_7b__gsm8k_train_00274_03180f5b__temp1.00__seed7,repair
qwen2p5_7b__gsm8k_train_00275_bf17b203__temp1.00__seed7,repair
qwen2p5_7b__gsm8k_train_00276_4674940d__temp1.00__seed7,repair
qwen2p5_7b__gsm8k_train_00277_fc707c92__temp1.00__seed7,corruption
qwen2p5_7b__gsm8k_train_00278_1bea983e__temp1.00__seed7,repair
qwen2p5_7b__gsm8k_train_00279_37085dc5__temp1.00__seed7,corruption
qwen2p5_7b__gsm8k_train_00280_a1255acc__temp1.00__seed7,corruption
qwen2p5_7b__gsm8k_train_00281_a116f238__temp1.00__seed7,corruption
qwen2p5_7b__gsm8k_train_00282_351b3e99__temp1.00__seed7,persistent_correct
qwen2p5_7b__gsm8k_train_00283_1ed728b7__temp1.00__seed7,corruption
qwen2p5_7b__gsm8k_train_00284_101eec9e__temp1.00__seed7,corruption
qwen2p5_7b__gsm8k_train_00285_b01cf570__temp1.00__seed7,repair
qwen2p5_7b__gsm8k_train_00286_c511337a__temp1.00__seed7,repair
qwen2p5_7b__gsm8k_train_00287_759f3ccd__temp1.00__seed7,repair
qwen2p5_7b__gsm8k_train_00288_9941b54a__temp1.00__seed7,corruption
qwen2p5_7b__gsm8k_train_00289_78b6355f__temp1.00__seed7,corruption
qwen2p5_7b__gsm8k_train_00290_793c43a0__temp1.00__seed7,repair
qwen2p5_7b__gsm8k_train_00291_222e4b93__temp1.00__seed7,repair
qwen2p5_7b__gsm8k_train_00292_613e5bf6__temp1.00__seed7,persistent_wrong
qwen2p5_7b__gsm8k_train_00293_2ed3e21c__temp1.00__seed7,repair
qwen2p5_7b__gsm8k_train_00294_c1d5fdf8__temp1.00__seed7,repair
qwen2p5_7b__gsm8k_train_00295_9256fde3__temp1.00__seed7,repair
qwen2p5_7b__gsm8k_train_00296_9984d811__temp1.00__seed7,repair
qwen2p5_7b__gsm8k_train_00297_5f9c19ec__temp1.00__seed7,corruption
qwen2p5_7b__gsm8k_train_00298_f172703b__temp1.00__seed7,corruption
qwen2p5_7b__gsm8k_train_00299_55e7dd80__temp1.00__seed7,corruption
